<?xml version="1.0"?>
<doc>
    <assembly>
        <name>Bryan.Apellanes.Data.MsSql</name>
    </assembly>
    <members>
        <member name="M:Bryan.Apellanes.Data.MsSqlRegistrar.Register(System.String)">
            <summary>
            Register the MS implementation of IParameterBuilder, SchemaWriter and QuerySet for the 
            database associated with the specified connectionName.
            </summary>
        </member>
        <member name="M:Bryan.Apellanes.Data.MsSqlRegistrar.Register(System.Type)">
            <summary>
            Register the MS implementation of IParameterBuilder, SchemaWriter and QuerySet for the 
            database associated with the specified type.
            </summary>
        </member>
        <member name="M:Bryan.Apellanes.Data.MsSqlRegistrar.Register``1">
            <summary>
            Register the MS implementation of IParameterBuilder, SchemaWriter and QuerySet for the 
            database associated with the specified type.
            </summary>
            <typeparam name="T"></typeparam>
        </member>
        <member name="M:Bryan.Apellanes.Data.MsSqlRegistrar.Register(Bryan.Apellanes.Incubation.Incubator)">
            <summary>
            Registser the MS implementation of IParameterBuilder, SchemaWriter and QuerySet  
            into the specified incubator
            </summary>
            <param name="incubator"></param>
        </member>
    </members>
</doc>
