<?xml version="1.0"?>
<doc>
    <assembly>
        <name>Bryan.Apellanes.Management</name>
    </assembly>
    <members>
        <member name="M:Bryan.Apellanes.Management.Bam.Scripts(System.Web.Mvc.WebViewPage,System.String)">
            <summary>
            Gets script tags for all scripts pertaining to the specified appName.
            </summary>
            <param name="page"></param>
            <param name="appName"></param>
            <param name="reloadConfigScripts"></param>
            <returns></returns>
        </member>
        <member name="M:Bryan.Apellanes.Management.Bam.CommonConfigScripts(System.Web.Mvc.WebViewPage,System.Object)">
            <summary>
            Get script tags that reference the scripts listed in the /bam/apps/config.js file
            </summary>
            <param name="page"></param>
            <param name="namedFormatValues"></param>
            <returns></returns>
        </member>
        <member name="M:Bryan.Apellanes.Management.Bam.AppConfigScripts(System.Web.Mvc.WebViewPage,System.Object)">
            <summary>
            Get script tags that reference the scripts listed in 
            the /bam/apps/{appName}/config.js file.
            </summary>
            <param name="page"></param>
            <param name="namedFormatValues"></param>
            <returns></returns>
        </member>
        <member name="M:Bryan.Apellanes.Management.Bam.AppScripts(System.Web.Mvc.WebViewPage,System.Object)">
            <summary>
            Get script tags that reference scripts in the pages folder
            </summary>
            <param name="page"></param>
            <param name="namedFormatValues"></param>
            <returns></returns>
        </member>
        <member name="M:Bryan.Apellanes.Management.Bam.AppInitScript(System.Web.Mvc.WebViewPage,System.Object)">
            <summary>
            Get a script tag that references the /bam/apps/{appName}/init.js script
            </summary>
            <param name="page"></param>
            <param name="namedFormatValues"></param>
            <returns></returns>
        </member>
        <member name="T:Bryan.Apellanes.Management.ContentManager">
            <summary>
            A manager of content files in a bam application
            </summary>
        </member>
        <member name="M:Bryan.Apellanes.Management.DesignController.LessBootstrapVariables(Bryan.Apellanes.Management.ColorScheme)">
            <summary>
            Saves the specified ColorScheme to ~/bam/json/colorscheme.json and returns 
            the updated contents of variables.less
            </summary>
            <param name="scheme"></param>
            <returns></returns>
        </member>
    </members>
</doc>
