<?xml version="1.0"?>
<doc>
    <assembly>
        <name>Bryan.Apellanes.Distributed</name>
    </assembly>
    <members>
        <member name="T:Bryan.Apellanes.Distributed.DistributedRepositoryServer">
            <summary>
            A class which exposes a local repository as a service proxy
            </summary>
        </member>
        <member name="T:Bryan.Apellanes.Distributed.IHasInfo">
            <summary>
            Implementers of this interface should 
            have properties addorned with the InfoAttribute
            attribute.  Each property will be included 
            as properties on the object returned by 
            GetInfo as well as the Dictionary returned
            by GetInfoDictionary.
            </summary>
            <see cref="T:Bryan.Apellanes.Distributed.InfoAttribute"/>
        </member>
        <member name="T:Bryan.Apellanes.Distributed.InfoAttribute">
            <summary>
            Provides a mechanism by which one can expose
            on demand DTOs for a given Type by addorning
            properties with this Attribute.
            </summary>
        </member>
        <member name="M:Bryan.Apellanes.Distributed.Ring.InitializeSlots(System.Int32)">
            <summary>
            When implemented by a derived class should 
            instantiate and initialize the Slots.  This
            method is called each time the SlotCount
            is set.
            </summary>        
        </member>
        <member name="P:Bryan.Apellanes.Distributed.Slot.StartAngle">
            <summary>
            Gets the starting angle that this slot is valid for
            </summary>
        </member>
        <member name="P:Bryan.Apellanes.Distributed.Slot.EndAngle">
            <summary>
            Gets the ending angle that this slot is valid for
            </summary>
        </member>
    </members>
</doc>
