<?xml version="1.0"?>
<doc>
    <assembly>
        <name>Bryan.Apellanes.Encryption</name>
    </assembly>
    <members>
        <member name="T:Bryan.Apellanes.Encryption.Crypto">
            <summary>
            This class was taken verbatim from the highest ranked answer from 
            http://stackoverflow.com/questions/202011/encrypt-and-decrypt-a-string
            although it wasn't marked as the answer it appears to be sufficient
            </summary>
        </member>
        <member name="M:Bryan.Apellanes.Encryption.Crypto.EncryptStringAES(System.String,System.String)">
            <summary>
            Encrypt the given string using AES.  The string can be decrypted using 
            DecryptStringAES().  The sharedSecret parameters must match.
            </summary>
            <param name="plainText">The text to encrypt.</param>
            <param name="sharedSecret">A password used to generate a key for encryption.</param>
        </member>
        <member name="M:Bryan.Apellanes.Encryption.Crypto.DecryptStringAES(System.String,System.String)">
            <summary>
            Decrypt the given string.  Assumes the string was encrypted using 
            EncryptStringAES(), using an identical sharedSecret.
            </summary>
            <param name="cipherText">The text to decrypt.</param>
            <param name="sharedSecret">A password used to generate a key for decryption.</param>
        </member>
        <member name="M:Bryan.Apellanes.Encryption.Encrypted.#ctor(System.String,System.String,System.String)">
            <summary>
            
            </summary>
            <param name="data">The plain text data to be encrypted</param>
            <param name="b64Key">A plaintext value to derive a key from</param>
            <param name="b64IV">A plain text vlaue to derive 
            the initialization vector from</param>
        </member>
        <member name="T:Bryan.Apellanes.Encryption.Vault">
            <summary>
            An encrypted key value store used to prevent
            casual access to sensitive data like passwords.
            </summary>
        </member>
        <member name="M:Bryan.Apellanes.Encryption.Vault.GetUniqueFilter">
            <summary>
            Gets a query filter that should uniquely identify
            the current instance.  The default implementation
            compares the Id/key field to the current instance's.
            </summary> 
        </member>
        <member name="M:Bryan.Apellanes.Encryption.Vault.LoadAll(Bryan.Apellanes.Data.Database)">
            <summary>
            Return every record in the Vault table.
            </summary>
            <param name="database">
            The database to load from or null
            </param>
        </member>
        <member name="M:Bryan.Apellanes.Encryption.Vault.Where(System.Func{Bryan.Apellanes.Encryption.VaultColumns,Bryan.Apellanes.Data.QueryFilter{Bryan.Apellanes.Encryption.VaultColumns}},Bryan.Apellanes.Data.OrderBy{Bryan.Apellanes.Encryption.VaultColumns},Bryan.Apellanes.Data.Database)">
            <summary>
            Execute a query and return the results. 
            </summary>
            <param name="where">A Func delegate that recieves a VaultColumns 
            and returns a QueryFilter which is the result of any comparisons
            between VaultColumns and other values
            </param>
            <param name="db"></param>
        </member>
        <member name="M:Bryan.Apellanes.Encryption.Vault.Where(Bryan.Apellanes.Data.WhereDelegate{Bryan.Apellanes.Encryption.VaultColumns},Bryan.Apellanes.Data.Database)">
            <summary>
            Execute a query and return the results. 
            </summary>
            <param name="where">A WhereDelegate that recieves a VaultColumns 
            and returns a IQueryFilter which is the result of any comparisons
            between VaultColumns and other values
            </param>
            <param name="db"></param>
        </member>
        <member name="M:Bryan.Apellanes.Encryption.Vault.Where(Bryan.Apellanes.Data.WhereDelegate{Bryan.Apellanes.Encryption.VaultColumns},Bryan.Apellanes.Data.OrderBy{Bryan.Apellanes.Encryption.VaultColumns},Bryan.Apellanes.Data.Database)">
            <summary>
            Execute a query and return the results. 
            </summary>
            <param name="where">A WhereDelegate that recieves a VaultColumns 
            and returns a IQueryFilter which is the result of any comparisons
            between VaultColumns and other values
            </param>
            <param name="orderBy">
            Specifies what column and direction to order the results by
            </param>
            <param name="database"></param>
        </member>
        <!-- Badly formed XML comment ignored for member "M:Bryan.Apellanes.Encryption.Vault.Where(Bryan.Apellanes.Data.Qi.QiQuery,Bryan.Apellanes.Data.Database)" -->
        <member name="M:Bryan.Apellanes.Encryption.Vault.GetOneWhere(Bryan.Apellanes.Data.QueryFilter,Bryan.Apellanes.Data.Database)">
            <summary>
            Get one entry matching the specified filter.  If none exists 
            one will be created; success will depend on the nullability
            of the specified columns.
            </summary>
        </member>
        <member name="M:Bryan.Apellanes.Encryption.Vault.OneWhere(Bryan.Apellanes.Data.QueryFilter,Bryan.Apellanes.Data.Database)">
            <summary>
            Execute a query that should return only one result.  If more
            than one result is returned a MultipleEntriesFoundException will 
            be thrown.  
            </summary>
            <param name="where"></param>
            <param name="database"></param>
        </member>
        <member name="M:Bryan.Apellanes.Encryption.Vault.GetOneWhere(Bryan.Apellanes.Data.WhereDelegate{Bryan.Apellanes.Encryption.VaultColumns},Bryan.Apellanes.Data.Database)">
            <summary>
            Get one entry matching the specified filter.  If none exists 
            one will be created; success will depend on the nullability
            of the specified columns.
            </summary>
            <param name="where"></param>
            <param name="database"></param>
        </member>
        <member name="M:Bryan.Apellanes.Encryption.Vault.OneWhere(Bryan.Apellanes.Data.WhereDelegate{Bryan.Apellanes.Encryption.VaultColumns},Bryan.Apellanes.Data.Database)">
            <summary>
            Execute a query that should return only one result.  If more
            than one result is returned a MultipleEntriesFoundException will 
            be thrown.  This method is most commonly used to retrieve a
            single Vault instance by its Id/Key value
            </summary>
            <param name="where">A WhereDelegate that recieves a VaultColumns 
            and returns a IQueryFilter which is the result of any comparisons
            between VaultColumns and other values
            </param>
            <param name="database"></param>
        </member>
        <!-- Badly formed XML comment ignored for member "M:Bryan.Apellanes.Encryption.Vault.OneWhere(Bryan.Apellanes.Data.Qi.QiQuery,Bryan.Apellanes.Data.Database)" -->
        <member name="M:Bryan.Apellanes.Encryption.Vault.FirstOneWhere(Bryan.Apellanes.Data.WhereDelegate{Bryan.Apellanes.Encryption.VaultColumns},Bryan.Apellanes.Data.Database)">
            <summary>
            Execute a query and return the first result.  This method will issue a sql TOP clause so only the 
            specified number of values will be returned.
            </summary>
            <param name="where">A WhereDelegate that recieves a VaultColumns 
            and returns a IQueryFilter which is the result of any comparisons
            between VaultColumns and other values
            </param>
            <param name="database"></param>
        </member>
        <member name="M:Bryan.Apellanes.Encryption.Vault.FirstOneWhere(Bryan.Apellanes.Data.WhereDelegate{Bryan.Apellanes.Encryption.VaultColumns},Bryan.Apellanes.Data.OrderBy{Bryan.Apellanes.Encryption.VaultColumns},Bryan.Apellanes.Data.Database)">
            <summary>
            Execute a query and return the first result.  This method will issue a sql TOP clause so only the 
            specified number of values will be returned.
            </summary>
            <param name="where">A WhereDelegate that recieves a VaultColumns 
            and returns a IQueryFilter which is the result of any comparisons
            between VaultColumns and other values
            </param>
            <param name="database"></param>
        </member>
        <member name="M:Bryan.Apellanes.Encryption.Vault.FirstOneWhere(Bryan.Apellanes.Data.QueryFilter,Bryan.Apellanes.Data.OrderBy{Bryan.Apellanes.Encryption.VaultColumns},Bryan.Apellanes.Data.Database)">
            <summary>
            Shortcut for Top(1, where, orderBy, database)
            </summary>
            <param name="where">A WhereDelegate that recieves a VaultColumns 
            and returns a IQueryFilter which is the result of any comparisons
            between VaultColumns and other values
            </param>
            <param name="database"></param>
        </member>
        <member name="M:Bryan.Apellanes.Encryption.Vault.Top(System.Int32,Bryan.Apellanes.Data.WhereDelegate{Bryan.Apellanes.Encryption.VaultColumns},Bryan.Apellanes.Data.Database)">
            <summary>
            Execute a query and return the specified number
            of values. This method will issue a sql TOP clause so only the 
            specified number of values will be returned.
            </summary>
            <param name="count">The number of values to return.
            This value is used in the sql query so no more than this 
            number of values will be returned by the database.
            </param>
            <param name="where">A WhereDelegate that recieves a VaultColumns 
            and returns a IQueryFilter which is the result of any comparisons
            between VaultColumns and other values
            </param>
            <param name="database"></param>
        </member>
        <member name="M:Bryan.Apellanes.Encryption.Vault.Top(System.Int32,Bryan.Apellanes.Data.WhereDelegate{Bryan.Apellanes.Encryption.VaultColumns},Bryan.Apellanes.Data.OrderBy{Bryan.Apellanes.Encryption.VaultColumns},Bryan.Apellanes.Data.Database)">
            <summary>
            Execute a query and return the specified number of values.  This method
            will issue a sql TOP clause so only the specified number of values
            will be returned.
            of values
            </summary>
            <param name="count">The number of values to return.
            This value is used in the sql query so no more than this 
            number of values will be returned by the database.
            </param>
            <param name="where">A WhereDelegate that recieves a VaultColumns 
            and returns a IQueryFilter which is the result of any comparisons
            between VaultColumns and other values
            </param>
            <param name="orderBy">
            Specifies what column and direction to order the results by
            </param>
            <param name="database"></param>
        </member>
        <member name="M:Bryan.Apellanes.Encryption.Vault.Top(System.Int32,Bryan.Apellanes.Data.QueryFilter,Bryan.Apellanes.Data.OrderBy{Bryan.Apellanes.Encryption.VaultColumns},Bryan.Apellanes.Data.Database)">
            <summary>
            Execute a query and return the specified number of values.  This method
            will issue a sql TOP clause so only the specified number of values
            will be returned.
            of values
            </summary>
            <param name="count">The number of values to return.
            This value is used in the sql query so no more than this 
            number of values will be returned by the database.
            </param>
            <param name="where">A QueryFilter used to filter the 
            results
            </param>
            <param name="orderBy">
            Specifies what column and direction to order the results by
            </param>
            <param name="db"></param>
        </member>
        <member name="M:Bryan.Apellanes.Encryption.Vault.Top(System.Int32,Bryan.Apellanes.Data.Qi.QiQuery,Bryan.Apellanes.Data.Database)">
            <summary>
            Execute a query and return the specified number of values.  This method
            will issue a sql TOP clause so only the specified number of values
            will be returned.
            of values
            </summary>
            <param name="count">The number of values to return.
            This value is used in the sql query so no more than this 
            number of values will be returned by the database.
            </param>
            <param name="where">A QueryFilter used to filter the 
            results
            </param>
            <param name="orderBy">
            Specifies what column and direction to order the results by
            </param>
            <param name="db"></param>
        </member>
        <member name="M:Bryan.Apellanes.Encryption.Vault.Count(Bryan.Apellanes.Data.WhereDelegate{Bryan.Apellanes.Encryption.VaultColumns},Bryan.Apellanes.Data.Database)">
            <summary>
            Execute a query and return the number of results
            </summary>
            <param name="where">A WhereDelegate that recieves a VaultColumns 
            and returns a IQueryFilter which is the result of any comparisons
            between VaultColumns and other values
            </param>
            <param name="db"></param>
        </member>
        <member name="M:Bryan.Apellanes.Encryption.Vault.Retrieve(System.String,System.String)">
            <summary>
            Get the Vault with the specified name using the
            specified password to create it if it doesn't exist
            </summary>
            <param name="name"></param>
            <param name="password"></param>
            <returns></returns>
        </member>
        <member name="M:Bryan.Apellanes.Encryption.Vault.Create(System.IO.FileInfo,System.String)">
            <summary>
            Create a vault in the specified file by the 
            specified name.  If the vault already exists
            in the specified file the existing vault
            will be returned
            </summary>
            <param name="file"></param>
            <param name="name"></param>
            <returns></returns>
        </member>
        <member name="M:Bryan.Apellanes.Encryption.VaultItem.GetUniqueFilter">
            <summary>
            Gets a query filter that should uniquely identify
            the current instance.  The default implementation
            compares the Id/key field to the current instance's.
            </summary> 
        </member>
        <member name="M:Bryan.Apellanes.Encryption.VaultItem.LoadAll(Bryan.Apellanes.Data.Database)">
            <summary>
            Return every record in the VaultItem table.
            </summary>
            <param name="database">
            The database to load from or null
            </param>
        </member>
        <member name="M:Bryan.Apellanes.Encryption.VaultItem.Where(System.Func{Bryan.Apellanes.Encryption.VaultItemColumns,Bryan.Apellanes.Data.QueryFilter{Bryan.Apellanes.Encryption.VaultItemColumns}},Bryan.Apellanes.Data.OrderBy{Bryan.Apellanes.Encryption.VaultItemColumns},Bryan.Apellanes.Data.Database)">
            <summary>
            Execute a query and return the results. 
            </summary>
            <param name="where">A Func delegate that recieves a VaultItemColumns 
            and returns a QueryFilter which is the result of any comparisons
            between VaultItemColumns and other values
            </param>
            <param name="db"></param>
        </member>
        <member name="M:Bryan.Apellanes.Encryption.VaultItem.Where(Bryan.Apellanes.Data.WhereDelegate{Bryan.Apellanes.Encryption.VaultItemColumns},Bryan.Apellanes.Data.Database)">
            <summary>
            Execute a query and return the results. 
            </summary>
            <param name="where">A WhereDelegate that recieves a VaultItemColumns 
            and returns a IQueryFilter which is the result of any comparisons
            between VaultItemColumns and other values
            </param>
            <param name="db"></param>
        </member>
        <member name="M:Bryan.Apellanes.Encryption.VaultItem.Where(Bryan.Apellanes.Data.WhereDelegate{Bryan.Apellanes.Encryption.VaultItemColumns},Bryan.Apellanes.Data.OrderBy{Bryan.Apellanes.Encryption.VaultItemColumns},Bryan.Apellanes.Data.Database)">
            <summary>
            Execute a query and return the results. 
            </summary>
            <param name="where">A WhereDelegate that recieves a VaultItemColumns 
            and returns a IQueryFilter which is the result of any comparisons
            between VaultItemColumns and other values
            </param>
            <param name="orderBy">
            Specifies what column and direction to order the results by
            </param>
            <param name="database"></param>
        </member>
        <!-- Badly formed XML comment ignored for member "M:Bryan.Apellanes.Encryption.VaultItem.Where(Bryan.Apellanes.Data.Qi.QiQuery,Bryan.Apellanes.Data.Database)" -->
        <member name="M:Bryan.Apellanes.Encryption.VaultItem.GetOneWhere(Bryan.Apellanes.Data.QueryFilter,Bryan.Apellanes.Data.Database)">
            <summary>
            Get one entry matching the specified filter.  If none exists 
            one will be created; success will depend on the nullability
            of the specified columns.
            </summary>
        </member>
        <member name="M:Bryan.Apellanes.Encryption.VaultItem.OneWhere(Bryan.Apellanes.Data.QueryFilter,Bryan.Apellanes.Data.Database)">
            <summary>
            Execute a query that should return only one result.  If more
            than one result is returned a MultipleEntriesFoundException will 
            be thrown.  
            </summary>
            <param name="where"></param>
            <param name="database"></param>
        </member>
        <member name="M:Bryan.Apellanes.Encryption.VaultItem.GetOneWhere(Bryan.Apellanes.Data.WhereDelegate{Bryan.Apellanes.Encryption.VaultItemColumns},Bryan.Apellanes.Data.Database)">
            <summary>
            Get one entry matching the specified filter.  If none exists 
            one will be created; success will depend on the nullability
            of the specified columns.
            </summary>
            <param name="where"></param>
            <param name="database"></param>
        </member>
        <member name="M:Bryan.Apellanes.Encryption.VaultItem.OneWhere(Bryan.Apellanes.Data.WhereDelegate{Bryan.Apellanes.Encryption.VaultItemColumns},Bryan.Apellanes.Data.Database)">
            <summary>
            Execute a query that should return only one result.  If more
            than one result is returned a MultipleEntriesFoundException will 
            be thrown.  This method is most commonly used to retrieve a
            single VaultItem instance by its Id/Key value
            </summary>
            <param name="where">A WhereDelegate that recieves a VaultItemColumns 
            and returns a IQueryFilter which is the result of any comparisons
            between VaultItemColumns and other values
            </param>
            <param name="database"></param>
        </member>
        <!-- Badly formed XML comment ignored for member "M:Bryan.Apellanes.Encryption.VaultItem.OneWhere(Bryan.Apellanes.Data.Qi.QiQuery,Bryan.Apellanes.Data.Database)" -->
        <member name="M:Bryan.Apellanes.Encryption.VaultItem.FirstOneWhere(Bryan.Apellanes.Data.WhereDelegate{Bryan.Apellanes.Encryption.VaultItemColumns},Bryan.Apellanes.Data.Database)">
            <summary>
            Execute a query and return the first result.  This method will issue a sql TOP clause so only the 
            specified number of values will be returned.
            </summary>
            <param name="where">A WhereDelegate that recieves a VaultItemColumns 
            and returns a IQueryFilter which is the result of any comparisons
            between VaultItemColumns and other values
            </param>
            <param name="database"></param>
        </member>
        <member name="M:Bryan.Apellanes.Encryption.VaultItem.FirstOneWhere(Bryan.Apellanes.Data.WhereDelegate{Bryan.Apellanes.Encryption.VaultItemColumns},Bryan.Apellanes.Data.OrderBy{Bryan.Apellanes.Encryption.VaultItemColumns},Bryan.Apellanes.Data.Database)">
            <summary>
            Execute a query and return the first result.  This method will issue a sql TOP clause so only the 
            specified number of values will be returned.
            </summary>
            <param name="where">A WhereDelegate that recieves a VaultItemColumns 
            and returns a IQueryFilter which is the result of any comparisons
            between VaultItemColumns and other values
            </param>
            <param name="database"></param>
        </member>
        <member name="M:Bryan.Apellanes.Encryption.VaultItem.FirstOneWhere(Bryan.Apellanes.Data.QueryFilter,Bryan.Apellanes.Data.OrderBy{Bryan.Apellanes.Encryption.VaultItemColumns},Bryan.Apellanes.Data.Database)">
            <summary>
            Shortcut for Top(1, where, orderBy, database)
            </summary>
            <param name="where">A WhereDelegate that recieves a VaultItemColumns 
            and returns a IQueryFilter which is the result of any comparisons
            between VaultItemColumns and other values
            </param>
            <param name="database"></param>
        </member>
        <member name="M:Bryan.Apellanes.Encryption.VaultItem.Top(System.Int32,Bryan.Apellanes.Data.WhereDelegate{Bryan.Apellanes.Encryption.VaultItemColumns},Bryan.Apellanes.Data.Database)">
            <summary>
            Execute a query and return the specified number
            of values. This method will issue a sql TOP clause so only the 
            specified number of values will be returned.
            </summary>
            <param name="count">The number of values to return.
            This value is used in the sql query so no more than this 
            number of values will be returned by the database.
            </param>
            <param name="where">A WhereDelegate that recieves a VaultItemColumns 
            and returns a IQueryFilter which is the result of any comparisons
            between VaultItemColumns and other values
            </param>
            <param name="database"></param>
        </member>
        <member name="M:Bryan.Apellanes.Encryption.VaultItem.Top(System.Int32,Bryan.Apellanes.Data.WhereDelegate{Bryan.Apellanes.Encryption.VaultItemColumns},Bryan.Apellanes.Data.OrderBy{Bryan.Apellanes.Encryption.VaultItemColumns},Bryan.Apellanes.Data.Database)">
            <summary>
            Execute a query and return the specified number of values.  This method
            will issue a sql TOP clause so only the specified number of values
            will be returned.
            of values
            </summary>
            <param name="count">The number of values to return.
            This value is used in the sql query so no more than this 
            number of values will be returned by the database.
            </param>
            <param name="where">A WhereDelegate that recieves a VaultItemColumns 
            and returns a IQueryFilter which is the result of any comparisons
            between VaultItemColumns and other values
            </param>
            <param name="orderBy">
            Specifies what column and direction to order the results by
            </param>
            <param name="database"></param>
        </member>
        <member name="M:Bryan.Apellanes.Encryption.VaultItem.Top(System.Int32,Bryan.Apellanes.Data.QueryFilter,Bryan.Apellanes.Data.OrderBy{Bryan.Apellanes.Encryption.VaultItemColumns},Bryan.Apellanes.Data.Database)">
            <summary>
            Execute a query and return the specified number of values.  This method
            will issue a sql TOP clause so only the specified number of values
            will be returned.
            of values
            </summary>
            <param name="count">The number of values to return.
            This value is used in the sql query so no more than this 
            number of values will be returned by the database.
            </param>
            <param name="where">A QueryFilter used to filter the 
            results
            </param>
            <param name="orderBy">
            Specifies what column and direction to order the results by
            </param>
            <param name="db"></param>
        </member>
        <member name="M:Bryan.Apellanes.Encryption.VaultItem.Top(System.Int32,Bryan.Apellanes.Data.Qi.QiQuery,Bryan.Apellanes.Data.Database)">
            <summary>
            Execute a query and return the specified number of values.  This method
            will issue a sql TOP clause so only the specified number of values
            will be returned.
            of values
            </summary>
            <param name="count">The number of values to return.
            This value is used in the sql query so no more than this 
            number of values will be returned by the database.
            </param>
            <param name="where">A QueryFilter used to filter the 
            results
            </param>
            <param name="orderBy">
            Specifies what column and direction to order the results by
            </param>
            <param name="db"></param>
        </member>
        <member name="M:Bryan.Apellanes.Encryption.VaultItem.Count(Bryan.Apellanes.Data.WhereDelegate{Bryan.Apellanes.Encryption.VaultItemColumns},Bryan.Apellanes.Data.Database)">
            <summary>
            Execute a query and return the number of results
            </summary>
            <param name="where">A WhereDelegate that recieves a VaultItemColumns 
            and returns a IQueryFilter which is the result of any comparisons
            between VaultItemColumns and other values
            </param>
            <param name="db"></param>
        </member>
        <member name="M:Bryan.Apellanes.Encryption.VaultKey.GetUniqueFilter">
            <summary>
            Gets a query filter that should uniquely identify
            the current instance.  The default implementation
            compares the Id/key field to the current instance's.
            </summary> 
        </member>
        <member name="M:Bryan.Apellanes.Encryption.VaultKey.LoadAll(Bryan.Apellanes.Data.Database)">
            <summary>
            Return every record in the VaultKey table.
            </summary>
            <param name="database">
            The database to load from or null
            </param>
        </member>
        <member name="M:Bryan.Apellanes.Encryption.VaultKey.Where(System.Func{Bryan.Apellanes.Encryption.VaultKeyColumns,Bryan.Apellanes.Data.QueryFilter{Bryan.Apellanes.Encryption.VaultKeyColumns}},Bryan.Apellanes.Data.OrderBy{Bryan.Apellanes.Encryption.VaultKeyColumns},Bryan.Apellanes.Data.Database)">
            <summary>
            Execute a query and return the results. 
            </summary>
            <param name="where">A Func delegate that recieves a VaultKeyColumns 
            and returns a QueryFilter which is the result of any comparisons
            between VaultKeyColumns and other values
            </param>
            <param name="db"></param>
        </member>
        <member name="M:Bryan.Apellanes.Encryption.VaultKey.Where(Bryan.Apellanes.Data.WhereDelegate{Bryan.Apellanes.Encryption.VaultKeyColumns},Bryan.Apellanes.Data.Database)">
            <summary>
            Execute a query and return the results. 
            </summary>
            <param name="where">A WhereDelegate that recieves a VaultKeyColumns 
            and returns a IQueryFilter which is the result of any comparisons
            between VaultKeyColumns and other values
            </param>
            <param name="db"></param>
        </member>
        <member name="M:Bryan.Apellanes.Encryption.VaultKey.Where(Bryan.Apellanes.Data.WhereDelegate{Bryan.Apellanes.Encryption.VaultKeyColumns},Bryan.Apellanes.Data.OrderBy{Bryan.Apellanes.Encryption.VaultKeyColumns},Bryan.Apellanes.Data.Database)">
            <summary>
            Execute a query and return the results. 
            </summary>
            <param name="where">A WhereDelegate that recieves a VaultKeyColumns 
            and returns a IQueryFilter which is the result of any comparisons
            between VaultKeyColumns and other values
            </param>
            <param name="orderBy">
            Specifies what column and direction to order the results by
            </param>
            <param name="database"></param>
        </member>
        <!-- Badly formed XML comment ignored for member "M:Bryan.Apellanes.Encryption.VaultKey.Where(Bryan.Apellanes.Data.Qi.QiQuery,Bryan.Apellanes.Data.Database)" -->
        <member name="M:Bryan.Apellanes.Encryption.VaultKey.GetOneWhere(Bryan.Apellanes.Data.QueryFilter,Bryan.Apellanes.Data.Database)">
            <summary>
            Get one entry matching the specified filter.  If none exists 
            one will be created; success will depend on the nullability
            of the specified columns.
            </summary>
        </member>
        <member name="M:Bryan.Apellanes.Encryption.VaultKey.OneWhere(Bryan.Apellanes.Data.QueryFilter,Bryan.Apellanes.Data.Database)">
            <summary>
            Execute a query that should return only one result.  If more
            than one result is returned a MultipleEntriesFoundException will 
            be thrown.  
            </summary>
            <param name="where"></param>
            <param name="database"></param>
        </member>
        <member name="M:Bryan.Apellanes.Encryption.VaultKey.GetOneWhere(Bryan.Apellanes.Data.WhereDelegate{Bryan.Apellanes.Encryption.VaultKeyColumns},Bryan.Apellanes.Data.Database)">
            <summary>
            Get one entry matching the specified filter.  If none exists 
            one will be created; success will depend on the nullability
            of the specified columns.
            </summary>
            <param name="where"></param>
            <param name="database"></param>
        </member>
        <member name="M:Bryan.Apellanes.Encryption.VaultKey.OneWhere(Bryan.Apellanes.Data.WhereDelegate{Bryan.Apellanes.Encryption.VaultKeyColumns},Bryan.Apellanes.Data.Database)">
            <summary>
            Execute a query that should return only one result.  If more
            than one result is returned a MultipleEntriesFoundException will 
            be thrown.  This method is most commonly used to retrieve a
            single VaultKey instance by its Id/Key value
            </summary>
            <param name="where">A WhereDelegate that recieves a VaultKeyColumns 
            and returns a IQueryFilter which is the result of any comparisons
            between VaultKeyColumns and other values
            </param>
            <param name="database"></param>
        </member>
        <!-- Badly formed XML comment ignored for member "M:Bryan.Apellanes.Encryption.VaultKey.OneWhere(Bryan.Apellanes.Data.Qi.QiQuery,Bryan.Apellanes.Data.Database)" -->
        <member name="M:Bryan.Apellanes.Encryption.VaultKey.FirstOneWhere(Bryan.Apellanes.Data.WhereDelegate{Bryan.Apellanes.Encryption.VaultKeyColumns},Bryan.Apellanes.Data.Database)">
            <summary>
            Execute a query and return the first result.  This method will issue a sql TOP clause so only the 
            specified number of values will be returned.
            </summary>
            <param name="where">A WhereDelegate that recieves a VaultKeyColumns 
            and returns a IQueryFilter which is the result of any comparisons
            between VaultKeyColumns and other values
            </param>
            <param name="database"></param>
        </member>
        <member name="M:Bryan.Apellanes.Encryption.VaultKey.FirstOneWhere(Bryan.Apellanes.Data.WhereDelegate{Bryan.Apellanes.Encryption.VaultKeyColumns},Bryan.Apellanes.Data.OrderBy{Bryan.Apellanes.Encryption.VaultKeyColumns},Bryan.Apellanes.Data.Database)">
            <summary>
            Execute a query and return the first result.  This method will issue a sql TOP clause so only the 
            specified number of values will be returned.
            </summary>
            <param name="where">A WhereDelegate that recieves a VaultKeyColumns 
            and returns a IQueryFilter which is the result of any comparisons
            between VaultKeyColumns and other values
            </param>
            <param name="database"></param>
        </member>
        <member name="M:Bryan.Apellanes.Encryption.VaultKey.FirstOneWhere(Bryan.Apellanes.Data.QueryFilter,Bryan.Apellanes.Data.OrderBy{Bryan.Apellanes.Encryption.VaultKeyColumns},Bryan.Apellanes.Data.Database)">
            <summary>
            Shortcut for Top(1, where, orderBy, database)
            </summary>
            <param name="where">A WhereDelegate that recieves a VaultKeyColumns 
            and returns a IQueryFilter which is the result of any comparisons
            between VaultKeyColumns and other values
            </param>
            <param name="database"></param>
        </member>
        <member name="M:Bryan.Apellanes.Encryption.VaultKey.Top(System.Int32,Bryan.Apellanes.Data.WhereDelegate{Bryan.Apellanes.Encryption.VaultKeyColumns},Bryan.Apellanes.Data.Database)">
            <summary>
            Execute a query and return the specified number
            of values. This method will issue a sql TOP clause so only the 
            specified number of values will be returned.
            </summary>
            <param name="count">The number of values to return.
            This value is used in the sql query so no more than this 
            number of values will be returned by the database.
            </param>
            <param name="where">A WhereDelegate that recieves a VaultKeyColumns 
            and returns a IQueryFilter which is the result of any comparisons
            between VaultKeyColumns and other values
            </param>
            <param name="database"></param>
        </member>
        <member name="M:Bryan.Apellanes.Encryption.VaultKey.Top(System.Int32,Bryan.Apellanes.Data.WhereDelegate{Bryan.Apellanes.Encryption.VaultKeyColumns},Bryan.Apellanes.Data.OrderBy{Bryan.Apellanes.Encryption.VaultKeyColumns},Bryan.Apellanes.Data.Database)">
            <summary>
            Execute a query and return the specified number of values.  This method
            will issue a sql TOP clause so only the specified number of values
            will be returned.
            of values
            </summary>
            <param name="count">The number of values to return.
            This value is used in the sql query so no more than this 
            number of values will be returned by the database.
            </param>
            <param name="where">A WhereDelegate that recieves a VaultKeyColumns 
            and returns a IQueryFilter which is the result of any comparisons
            between VaultKeyColumns and other values
            </param>
            <param name="orderBy">
            Specifies what column and direction to order the results by
            </param>
            <param name="database"></param>
        </member>
        <member name="M:Bryan.Apellanes.Encryption.VaultKey.Top(System.Int32,Bryan.Apellanes.Data.QueryFilter,Bryan.Apellanes.Data.OrderBy{Bryan.Apellanes.Encryption.VaultKeyColumns},Bryan.Apellanes.Data.Database)">
            <summary>
            Execute a query and return the specified number of values.  This method
            will issue a sql TOP clause so only the specified number of values
            will be returned.
            of values
            </summary>
            <param name="count">The number of values to return.
            This value is used in the sql query so no more than this 
            number of values will be returned by the database.
            </param>
            <param name="where">A QueryFilter used to filter the 
            results
            </param>
            <param name="orderBy">
            Specifies what column and direction to order the results by
            </param>
            <param name="db"></param>
        </member>
        <member name="M:Bryan.Apellanes.Encryption.VaultKey.Top(System.Int32,Bryan.Apellanes.Data.Qi.QiQuery,Bryan.Apellanes.Data.Database)">
            <summary>
            Execute a query and return the specified number of values.  This method
            will issue a sql TOP clause so only the specified number of values
            will be returned.
            of values
            </summary>
            <param name="count">The number of values to return.
            This value is used in the sql query so no more than this 
            number of values will be returned by the database.
            </param>
            <param name="where">A QueryFilter used to filter the 
            results
            </param>
            <param name="orderBy">
            Specifies what column and direction to order the results by
            </param>
            <param name="db"></param>
        </member>
        <member name="M:Bryan.Apellanes.Encryption.VaultKey.Count(Bryan.Apellanes.Data.WhereDelegate{Bryan.Apellanes.Encryption.VaultKeyColumns},Bryan.Apellanes.Data.Database)">
            <summary>
            Execute a query and return the number of results
            </summary>
            <param name="where">A WhereDelegate that recieves a VaultKeyColumns 
            and returns a IQueryFilter which is the result of any comparisons
            between VaultKeyColumns and other values
            </param>
            <param name="db"></param>
        </member>
        <member name="M:Bryan.Apellanes.Encryption.Extensions.EncryptWithPublicKey(System.String,Org.BouncyCastle.Crypto.AsymmetricCipherKeyPair,System.Text.Encoding)">
            <summary>
            Encrypt with the Public key of the specified keyPair
            </summary>
            <param name="input"></param>
            <param name="keyPair"></param>
            <param name="encoding"></param>
            <returns></returns>
        </member>
        <member name="M:Bryan.Apellanes.Encryption.Extensions.EncryptWithPrivateKey(System.String,Org.BouncyCastle.Crypto.AsymmetricCipherKeyPair,System.Text.Encoding)">
            <summary>
            Encrypt the specified input and return the encrypted byte[] converted to 
            base 64
            </summary>
            <param name="input"></param>
            <param name="keyPair"></param>
            <param name="encoding"></param>
            <returns></returns>
        </member>
        <member name="M:Bryan.Apellanes.Encryption.Pem.PublicKeyToPem(Org.BouncyCastle.Crypto.AsymmetricCipherKeyPair)">
            <summary>
            Returns the public portion of the specified keyPair in 
            pem format (compatible with openssl)
            </summary>
            <param name="keyPair"></param>
            <returns></returns>
        </member>
        <member name="M:Bryan.Apellanes.Encryption.Pem.FromPublicKey(Org.BouncyCastle.Crypto.AsymmetricCipherKeyPair)">
            <summary>
            Returns the public portion of the specified keyPair in 
            pem format (compatible with openssl)
            </summary>
            <param name="keyPair"></param>
            <returns></returns>
        </member>
        <member name="M:Bryan.Apellanes.Encryption.Pem.ToPem(Org.BouncyCastle.Crypto.AsymmetricCipherKeyPair)">
            <summary>
            Returns the specified keyPair in
            pem format (compatible with openssl)
            </summary>
            <param name="keyPair"></param>
            <returns></returns>
        </member>
        <member name="M:Bryan.Apellanes.Encryption.Pem.FromPrivateKey(Org.BouncyCastle.Crypto.AsymmetricCipherKeyPair)">
            <summary>
            Returns the private portion of the specified keyPair in
            pem format (compaitble with openssl)
            </summary>
            <param name="keyPair"></param>
            <returns></returns>
        </member>
    </members>
</doc>
