<?xml version="1.0"?>
<doc>
    <assembly>
        <name>Bryan.Apellanes.Profiguration</name>
    </assembly>
    <members>
        <member name="T:Bryan.Apellanes.Profiguration.Profiguration">
            <summary>
            Represents encrypted configuration. (Pro - Con)figuration, get it ;) :b
            </summary>
        </member>
        <member name="M:Bryan.Apellanes.Profiguration.Profiguration.Inject">
            <summary>
            Inject the AppSettings and ConnectionStrings from this Profiguration into the
            DefaultConfiguration
            </summary>
        </member>
        <member name="M:Bryan.Apellanes.Profiguration.Profiguration.Revert">
            <summary>
            Revert the DefaultConfiguration back to the values from the default config file
            </summary>
        </member>
        <member name="M:Bryan.Apellanes.Profiguration.Profiguration.Initialize">
            <summary>
            Encrypts the appsetting values specified by the appsetting with the key EncryptAppSettings.
            Encrypts the connection strings specified by the appsetting with the key EncryptConnStrings.
            Values are expected to be comma and/or semi colon separated lists of keys or names.
            Saves the specified values to and injects values from Profiguration.Default
            </summary>
        </member>
        <member name="M:Bryan.Apellanes.Profiguration.Profiguration.Load">
            <summary>
            Load the default profiguration 
            </summary>
            <returns></returns>
        </member>
        <member name="M:Bryan.Apellanes.Profiguration.ProfigurationSet.Save">
            <summary>
            Writes all profigurations back to the disk.
            </summary>
        </member>
        <member name="M:Bryan.Apellanes.Profiguration.ProfigurationSet.Get(System.String)">
            <summary>
            Get the profiguration of the specified name, creating it
            if necessary.
            </summary>
            <param name="name"></param>
            <returns></returns>
        </member>
    </members>
</doc>
