<?xml version="1.0"?>
<doc>
    <assembly>
        <name>Bryan.Apellanes.Messaging</name>
    </assembly>
    <members>
        <member name="M:Bryan.Apellanes.Messaging.Data.DirectMessage.GetUniqueFilter">
            <summary>
            Gets a query filter that should uniquely identify
            the current instance.  The default implementation
            compares the Id/key field to the current instance's.
            </summary> 
        </member>
        <member name="M:Bryan.Apellanes.Messaging.Data.DirectMessage.LoadAll(Bryan.Apellanes.Data.Database)">
            <summary>
            Return every record in the DirectMessage table.
            </summary>
            <param name="database">
            The database to load from or null
            </param>
        </member>
        <member name="M:Bryan.Apellanes.Messaging.Data.DirectMessage.Where(System.Func{Bryan.Apellanes.Messaging.Data.DirectMessageColumns,Bryan.Apellanes.Data.QueryFilter{Bryan.Apellanes.Messaging.Data.DirectMessageColumns}},Bryan.Apellanes.Data.OrderBy{Bryan.Apellanes.Messaging.Data.DirectMessageColumns},Bryan.Apellanes.Data.Database)">
            <summary>
            Execute a query and return the results. 
            </summary>
            <param name="where">A Func delegate that recieves a DirectMessageColumns 
            and returns a QueryFilter which is the result of any comparisons
            between DirectMessageColumns and other values
            </param>
            <param name="db"></param>
        </member>
        <member name="M:Bryan.Apellanes.Messaging.Data.DirectMessage.Where(Bryan.Apellanes.Data.WhereDelegate{Bryan.Apellanes.Messaging.Data.DirectMessageColumns},Bryan.Apellanes.Data.Database)">
            <summary>
            Execute a query and return the results. 
            </summary>
            <param name="where">A WhereDelegate that recieves a DirectMessageColumns 
            and returns a IQueryFilter which is the result of any comparisons
            between DirectMessageColumns and other values
            </param>
            <param name="db"></param>
        </member>
        <member name="M:Bryan.Apellanes.Messaging.Data.DirectMessage.Where(Bryan.Apellanes.Data.WhereDelegate{Bryan.Apellanes.Messaging.Data.DirectMessageColumns},Bryan.Apellanes.Data.OrderBy{Bryan.Apellanes.Messaging.Data.DirectMessageColumns},Bryan.Apellanes.Data.Database)">
            <summary>
            Execute a query and return the results. 
            </summary>
            <param name="where">A WhereDelegate that recieves a DirectMessageColumns 
            and returns a IQueryFilter which is the result of any comparisons
            between DirectMessageColumns and other values
            </param>
            <param name="orderBy">
            Specifies what column and direction to order the results by
            </param>
            <param name="database"></param>
        </member>
        <!-- Badly formed XML comment ignored for member "M:Bryan.Apellanes.Messaging.Data.DirectMessage.Where(Bryan.Apellanes.Data.Qi.QiQuery,Bryan.Apellanes.Data.Database)" -->
        <member name="M:Bryan.Apellanes.Messaging.Data.DirectMessage.GetOneWhere(Bryan.Apellanes.Data.QueryFilter,Bryan.Apellanes.Data.Database)">
            <summary>
            Get one entry matching the specified filter.  If none exists 
            one will be created; success will depend on the nullability
            of the specified columns.
            </summary>
        </member>
        <member name="M:Bryan.Apellanes.Messaging.Data.DirectMessage.OneWhere(Bryan.Apellanes.Data.QueryFilter,Bryan.Apellanes.Data.Database)">
            <summary>
            Execute a query that should return only one result.  If more
            than one result is returned a MultipleEntriesFoundException will 
            be thrown.  
            </summary>
            <param name="where"></param>
            <param name="database"></param>
        </member>
        <member name="M:Bryan.Apellanes.Messaging.Data.DirectMessage.GetOneWhere(Bryan.Apellanes.Data.WhereDelegate{Bryan.Apellanes.Messaging.Data.DirectMessageColumns},Bryan.Apellanes.Data.Database)">
            <summary>
            Get one entry matching the specified filter.  If none exists 
            one will be created; success will depend on the nullability
            of the specified columns.
            </summary>
            <param name="where"></param>
            <param name="database"></param>
        </member>
        <member name="M:Bryan.Apellanes.Messaging.Data.DirectMessage.OneWhere(Bryan.Apellanes.Data.WhereDelegate{Bryan.Apellanes.Messaging.Data.DirectMessageColumns},Bryan.Apellanes.Data.Database)">
            <summary>
            Execute a query that should return only one result.  If more
            than one result is returned a MultipleEntriesFoundException will 
            be thrown.  This method is most commonly used to retrieve a
            single DirectMessage instance by its Id/Key value
            </summary>
            <param name="where">A WhereDelegate that recieves a DirectMessageColumns 
            and returns a IQueryFilter which is the result of any comparisons
            between DirectMessageColumns and other values
            </param>
            <param name="database"></param>
        </member>
        <!-- Badly formed XML comment ignored for member "M:Bryan.Apellanes.Messaging.Data.DirectMessage.OneWhere(Bryan.Apellanes.Data.Qi.QiQuery,Bryan.Apellanes.Data.Database)" -->
        <member name="M:Bryan.Apellanes.Messaging.Data.DirectMessage.FirstOneWhere(Bryan.Apellanes.Data.WhereDelegate{Bryan.Apellanes.Messaging.Data.DirectMessageColumns},Bryan.Apellanes.Data.Database)">
            <summary>
            Execute a query and return the first result.  This method will issue a sql TOP clause so only the 
            specified number of values will be returned.
            </summary>
            <param name="where">A WhereDelegate that recieves a DirectMessageColumns 
            and returns a IQueryFilter which is the result of any comparisons
            between DirectMessageColumns and other values
            </param>
            <param name="database"></param>
        </member>
        <member name="M:Bryan.Apellanes.Messaging.Data.DirectMessage.FirstOneWhere(Bryan.Apellanes.Data.WhereDelegate{Bryan.Apellanes.Messaging.Data.DirectMessageColumns},Bryan.Apellanes.Data.OrderBy{Bryan.Apellanes.Messaging.Data.DirectMessageColumns},Bryan.Apellanes.Data.Database)">
            <summary>
            Execute a query and return the first result.  This method will issue a sql TOP clause so only the 
            specified number of values will be returned.
            </summary>
            <param name="where">A WhereDelegate that recieves a DirectMessageColumns 
            and returns a IQueryFilter which is the result of any comparisons
            between DirectMessageColumns and other values
            </param>
            <param name="database"></param>
        </member>
        <member name="M:Bryan.Apellanes.Messaging.Data.DirectMessage.FirstOneWhere(Bryan.Apellanes.Data.QueryFilter,Bryan.Apellanes.Data.OrderBy{Bryan.Apellanes.Messaging.Data.DirectMessageColumns},Bryan.Apellanes.Data.Database)">
            <summary>
            Shortcut for Top(1, where, orderBy, database)
            </summary>
            <param name="where">A WhereDelegate that recieves a DirectMessageColumns 
            and returns a IQueryFilter which is the result of any comparisons
            between DirectMessageColumns and other values
            </param>
            <param name="database"></param>
        </member>
        <member name="M:Bryan.Apellanes.Messaging.Data.DirectMessage.Top(System.Int32,Bryan.Apellanes.Data.WhereDelegate{Bryan.Apellanes.Messaging.Data.DirectMessageColumns},Bryan.Apellanes.Data.Database)">
            <summary>
            Execute a query and return the specified number
            of values. This method will issue a sql TOP clause so only the 
            specified number of values will be returned.
            </summary>
            <param name="count">The number of values to return.
            This value is used in the sql query so no more than this 
            number of values will be returned by the database.
            </param>
            <param name="where">A WhereDelegate that recieves a DirectMessageColumns 
            and returns a IQueryFilter which is the result of any comparisons
            between DirectMessageColumns and other values
            </param>
            <param name="database"></param>
        </member>
        <member name="M:Bryan.Apellanes.Messaging.Data.DirectMessage.Top(System.Int32,Bryan.Apellanes.Data.WhereDelegate{Bryan.Apellanes.Messaging.Data.DirectMessageColumns},Bryan.Apellanes.Data.OrderBy{Bryan.Apellanes.Messaging.Data.DirectMessageColumns},Bryan.Apellanes.Data.Database)">
            <summary>
            Execute a query and return the specified number of values.  This method
            will issue a sql TOP clause so only the specified number of values
            will be returned.
            of values
            </summary>
            <param name="count">The number of values to return.
            This value is used in the sql query so no more than this 
            number of values will be returned by the database.
            </param>
            <param name="where">A WhereDelegate that recieves a DirectMessageColumns 
            and returns a IQueryFilter which is the result of any comparisons
            between DirectMessageColumns and other values
            </param>
            <param name="orderBy">
            Specifies what column and direction to order the results by
            </param>
            <param name="database"></param>
        </member>
        <member name="M:Bryan.Apellanes.Messaging.Data.DirectMessage.Top(System.Int32,Bryan.Apellanes.Data.QueryFilter,Bryan.Apellanes.Data.OrderBy{Bryan.Apellanes.Messaging.Data.DirectMessageColumns},Bryan.Apellanes.Data.Database)">
            <summary>
            Execute a query and return the specified number of values.  This method
            will issue a sql TOP clause so only the specified number of values
            will be returned.
            of values
            </summary>
            <param name="count">The number of values to return.
            This value is used in the sql query so no more than this 
            number of values will be returned by the database.
            </param>
            <param name="where">A QueryFilter used to filter the 
            results
            </param>
            <param name="orderBy">
            Specifies what column and direction to order the results by
            </param>
            <param name="db"></param>
        </member>
        <member name="M:Bryan.Apellanes.Messaging.Data.DirectMessage.Top(System.Int32,Bryan.Apellanes.Data.Qi.QiQuery,Bryan.Apellanes.Data.Database)">
            <summary>
            Execute a query and return the specified number of values.  This method
            will issue a sql TOP clause so only the specified number of values
            will be returned.
            of values
            </summary>
            <param name="count">The number of values to return.
            This value is used in the sql query so no more than this 
            number of values will be returned by the database.
            </param>
            <param name="where">A QueryFilter used to filter the 
            results
            </param>
            <param name="orderBy">
            Specifies what column and direction to order the results by
            </param>
            <param name="db"></param>
        </member>
        <member name="M:Bryan.Apellanes.Messaging.Data.DirectMessage.Count(Bryan.Apellanes.Data.WhereDelegate{Bryan.Apellanes.Messaging.Data.DirectMessageColumns},Bryan.Apellanes.Data.Database)">
            <summary>
            Execute a query and return the number of results
            </summary>
            <param name="where">A WhereDelegate that recieves a DirectMessageColumns 
            and returns a IQueryFilter which is the result of any comparisons
            between DirectMessageColumns and other values
            </param>
            <param name="db"></param>
        </member>
        <member name="M:Bryan.Apellanes.Messaging.Data.EmailMessage.GetUniqueFilter">
            <summary>
            Gets a query filter that should uniquely identify
            the current instance.  The default implementation
            compares the Id/key field to the current instance's.
            </summary> 
        </member>
        <member name="M:Bryan.Apellanes.Messaging.Data.EmailMessage.LoadAll(Bryan.Apellanes.Data.Database)">
            <summary>
            Return every record in the EmailMessage table.
            </summary>
            <param name="database">
            The database to load from or null
            </param>
        </member>
        <member name="M:Bryan.Apellanes.Messaging.Data.EmailMessage.Where(System.Func{Bryan.Apellanes.Messaging.Data.EmailMessageColumns,Bryan.Apellanes.Data.QueryFilter{Bryan.Apellanes.Messaging.Data.EmailMessageColumns}},Bryan.Apellanes.Data.OrderBy{Bryan.Apellanes.Messaging.Data.EmailMessageColumns},Bryan.Apellanes.Data.Database)">
            <summary>
            Execute a query and return the results. 
            </summary>
            <param name="where">A Func delegate that recieves a EmailMessageColumns 
            and returns a QueryFilter which is the result of any comparisons
            between EmailMessageColumns and other values
            </param>
            <param name="db"></param>
        </member>
        <member name="M:Bryan.Apellanes.Messaging.Data.EmailMessage.Where(Bryan.Apellanes.Data.WhereDelegate{Bryan.Apellanes.Messaging.Data.EmailMessageColumns},Bryan.Apellanes.Data.Database)">
            <summary>
            Execute a query and return the results. 
            </summary>
            <param name="where">A WhereDelegate that recieves a EmailMessageColumns 
            and returns a IQueryFilter which is the result of any comparisons
            between EmailMessageColumns and other values
            </param>
            <param name="db"></param>
        </member>
        <member name="M:Bryan.Apellanes.Messaging.Data.EmailMessage.Where(Bryan.Apellanes.Data.WhereDelegate{Bryan.Apellanes.Messaging.Data.EmailMessageColumns},Bryan.Apellanes.Data.OrderBy{Bryan.Apellanes.Messaging.Data.EmailMessageColumns},Bryan.Apellanes.Data.Database)">
            <summary>
            Execute a query and return the results. 
            </summary>
            <param name="where">A WhereDelegate that recieves a EmailMessageColumns 
            and returns a IQueryFilter which is the result of any comparisons
            between EmailMessageColumns and other values
            </param>
            <param name="orderBy">
            Specifies what column and direction to order the results by
            </param>
            <param name="database"></param>
        </member>
        <!-- Badly formed XML comment ignored for member "M:Bryan.Apellanes.Messaging.Data.EmailMessage.Where(Bryan.Apellanes.Data.Qi.QiQuery,Bryan.Apellanes.Data.Database)" -->
        <member name="M:Bryan.Apellanes.Messaging.Data.EmailMessage.GetOneWhere(Bryan.Apellanes.Data.QueryFilter,Bryan.Apellanes.Data.Database)">
            <summary>
            Get one entry matching the specified filter.  If none exists 
            one will be created; success will depend on the nullability
            of the specified columns.
            </summary>
        </member>
        <member name="M:Bryan.Apellanes.Messaging.Data.EmailMessage.OneWhere(Bryan.Apellanes.Data.QueryFilter,Bryan.Apellanes.Data.Database)">
            <summary>
            Execute a query that should return only one result.  If more
            than one result is returned a MultipleEntriesFoundException will 
            be thrown.  
            </summary>
            <param name="where"></param>
            <param name="database"></param>
        </member>
        <member name="M:Bryan.Apellanes.Messaging.Data.EmailMessage.GetOneWhere(Bryan.Apellanes.Data.WhereDelegate{Bryan.Apellanes.Messaging.Data.EmailMessageColumns},Bryan.Apellanes.Data.Database)">
            <summary>
            Get one entry matching the specified filter.  If none exists 
            one will be created; success will depend on the nullability
            of the specified columns.
            </summary>
            <param name="where"></param>
            <param name="database"></param>
        </member>
        <member name="M:Bryan.Apellanes.Messaging.Data.EmailMessage.OneWhere(Bryan.Apellanes.Data.WhereDelegate{Bryan.Apellanes.Messaging.Data.EmailMessageColumns},Bryan.Apellanes.Data.Database)">
            <summary>
            Execute a query that should return only one result.  If more
            than one result is returned a MultipleEntriesFoundException will 
            be thrown.  This method is most commonly used to retrieve a
            single EmailMessage instance by its Id/Key value
            </summary>
            <param name="where">A WhereDelegate that recieves a EmailMessageColumns 
            and returns a IQueryFilter which is the result of any comparisons
            between EmailMessageColumns and other values
            </param>
            <param name="database"></param>
        </member>
        <!-- Badly formed XML comment ignored for member "M:Bryan.Apellanes.Messaging.Data.EmailMessage.OneWhere(Bryan.Apellanes.Data.Qi.QiQuery,Bryan.Apellanes.Data.Database)" -->
        <member name="M:Bryan.Apellanes.Messaging.Data.EmailMessage.FirstOneWhere(Bryan.Apellanes.Data.WhereDelegate{Bryan.Apellanes.Messaging.Data.EmailMessageColumns},Bryan.Apellanes.Data.Database)">
            <summary>
            Execute a query and return the first result.  This method will issue a sql TOP clause so only the 
            specified number of values will be returned.
            </summary>
            <param name="where">A WhereDelegate that recieves a EmailMessageColumns 
            and returns a IQueryFilter which is the result of any comparisons
            between EmailMessageColumns and other values
            </param>
            <param name="database"></param>
        </member>
        <member name="M:Bryan.Apellanes.Messaging.Data.EmailMessage.FirstOneWhere(Bryan.Apellanes.Data.WhereDelegate{Bryan.Apellanes.Messaging.Data.EmailMessageColumns},Bryan.Apellanes.Data.OrderBy{Bryan.Apellanes.Messaging.Data.EmailMessageColumns},Bryan.Apellanes.Data.Database)">
            <summary>
            Execute a query and return the first result.  This method will issue a sql TOP clause so only the 
            specified number of values will be returned.
            </summary>
            <param name="where">A WhereDelegate that recieves a EmailMessageColumns 
            and returns a IQueryFilter which is the result of any comparisons
            between EmailMessageColumns and other values
            </param>
            <param name="database"></param>
        </member>
        <member name="M:Bryan.Apellanes.Messaging.Data.EmailMessage.FirstOneWhere(Bryan.Apellanes.Data.QueryFilter,Bryan.Apellanes.Data.OrderBy{Bryan.Apellanes.Messaging.Data.EmailMessageColumns},Bryan.Apellanes.Data.Database)">
            <summary>
            Shortcut for Top(1, where, orderBy, database)
            </summary>
            <param name="where">A WhereDelegate that recieves a EmailMessageColumns 
            and returns a IQueryFilter which is the result of any comparisons
            between EmailMessageColumns and other values
            </param>
            <param name="database"></param>
        </member>
        <member name="M:Bryan.Apellanes.Messaging.Data.EmailMessage.Top(System.Int32,Bryan.Apellanes.Data.WhereDelegate{Bryan.Apellanes.Messaging.Data.EmailMessageColumns},Bryan.Apellanes.Data.Database)">
            <summary>
            Execute a query and return the specified number
            of values. This method will issue a sql TOP clause so only the 
            specified number of values will be returned.
            </summary>
            <param name="count">The number of values to return.
            This value is used in the sql query so no more than this 
            number of values will be returned by the database.
            </param>
            <param name="where">A WhereDelegate that recieves a EmailMessageColumns 
            and returns a IQueryFilter which is the result of any comparisons
            between EmailMessageColumns and other values
            </param>
            <param name="database"></param>
        </member>
        <member name="M:Bryan.Apellanes.Messaging.Data.EmailMessage.Top(System.Int32,Bryan.Apellanes.Data.WhereDelegate{Bryan.Apellanes.Messaging.Data.EmailMessageColumns},Bryan.Apellanes.Data.OrderBy{Bryan.Apellanes.Messaging.Data.EmailMessageColumns},Bryan.Apellanes.Data.Database)">
            <summary>
            Execute a query and return the specified number of values.  This method
            will issue a sql TOP clause so only the specified number of values
            will be returned.
            of values
            </summary>
            <param name="count">The number of values to return.
            This value is used in the sql query so no more than this 
            number of values will be returned by the database.
            </param>
            <param name="where">A WhereDelegate that recieves a EmailMessageColumns 
            and returns a IQueryFilter which is the result of any comparisons
            between EmailMessageColumns and other values
            </param>
            <param name="orderBy">
            Specifies what column and direction to order the results by
            </param>
            <param name="database"></param>
        </member>
        <member name="M:Bryan.Apellanes.Messaging.Data.EmailMessage.Top(System.Int32,Bryan.Apellanes.Data.QueryFilter,Bryan.Apellanes.Data.OrderBy{Bryan.Apellanes.Messaging.Data.EmailMessageColumns},Bryan.Apellanes.Data.Database)">
            <summary>
            Execute a query and return the specified number of values.  This method
            will issue a sql TOP clause so only the specified number of values
            will be returned.
            of values
            </summary>
            <param name="count">The number of values to return.
            This value is used in the sql query so no more than this 
            number of values will be returned by the database.
            </param>
            <param name="where">A QueryFilter used to filter the 
            results
            </param>
            <param name="orderBy">
            Specifies what column and direction to order the results by
            </param>
            <param name="db"></param>
        </member>
        <member name="M:Bryan.Apellanes.Messaging.Data.EmailMessage.Top(System.Int32,Bryan.Apellanes.Data.Qi.QiQuery,Bryan.Apellanes.Data.Database)">
            <summary>
            Execute a query and return the specified number of values.  This method
            will issue a sql TOP clause so only the specified number of values
            will be returned.
            of values
            </summary>
            <param name="count">The number of values to return.
            This value is used in the sql query so no more than this 
            number of values will be returned by the database.
            </param>
            <param name="where">A QueryFilter used to filter the 
            results
            </param>
            <param name="orderBy">
            Specifies what column and direction to order the results by
            </param>
            <param name="db"></param>
        </member>
        <member name="M:Bryan.Apellanes.Messaging.Data.EmailMessage.Count(Bryan.Apellanes.Data.WhereDelegate{Bryan.Apellanes.Messaging.Data.EmailMessageColumns},Bryan.Apellanes.Data.Database)">
            <summary>
            Execute a query and return the number of results
            </summary>
            <param name="where">A WhereDelegate that recieves a EmailMessageColumns 
            and returns a IQueryFilter which is the result of any comparisons
            between EmailMessageColumns and other values
            </param>
            <param name="db"></param>
        </member>
        <member name="M:Bryan.Apellanes.Messaging.Data.Message.GetUniqueFilter">
            <summary>
            Gets a query filter that should uniquely identify
            the current instance.  The default implementation
            compares the Id/key field to the current instance's.
            </summary> 
        </member>
        <member name="M:Bryan.Apellanes.Messaging.Data.Message.LoadAll(Bryan.Apellanes.Data.Database)">
            <summary>
            Return every record in the Message table.
            </summary>
            <param name="database">
            The database to load from or null
            </param>
        </member>
        <member name="M:Bryan.Apellanes.Messaging.Data.Message.Where(System.Func{Bryan.Apellanes.Messaging.Data.MessageColumns,Bryan.Apellanes.Data.QueryFilter{Bryan.Apellanes.Messaging.Data.MessageColumns}},Bryan.Apellanes.Data.OrderBy{Bryan.Apellanes.Messaging.Data.MessageColumns},Bryan.Apellanes.Data.Database)">
            <summary>
            Execute a query and return the results. 
            </summary>
            <param name="where">A Func delegate that recieves a MessageColumns 
            and returns a QueryFilter which is the result of any comparisons
            between MessageColumns and other values
            </param>
            <param name="db"></param>
        </member>
        <member name="M:Bryan.Apellanes.Messaging.Data.Message.Where(Bryan.Apellanes.Data.WhereDelegate{Bryan.Apellanes.Messaging.Data.MessageColumns},Bryan.Apellanes.Data.Database)">
            <summary>
            Execute a query and return the results. 
            </summary>
            <param name="where">A WhereDelegate that recieves a MessageColumns 
            and returns a IQueryFilter which is the result of any comparisons
            between MessageColumns and other values
            </param>
            <param name="db"></param>
        </member>
        <member name="M:Bryan.Apellanes.Messaging.Data.Message.Where(Bryan.Apellanes.Data.WhereDelegate{Bryan.Apellanes.Messaging.Data.MessageColumns},Bryan.Apellanes.Data.OrderBy{Bryan.Apellanes.Messaging.Data.MessageColumns},Bryan.Apellanes.Data.Database)">
            <summary>
            Execute a query and return the results. 
            </summary>
            <param name="where">A WhereDelegate that recieves a MessageColumns 
            and returns a IQueryFilter which is the result of any comparisons
            between MessageColumns and other values
            </param>
            <param name="orderBy">
            Specifies what column and direction to order the results by
            </param>
            <param name="database"></param>
        </member>
        <!-- Badly formed XML comment ignored for member "M:Bryan.Apellanes.Messaging.Data.Message.Where(Bryan.Apellanes.Data.Qi.QiQuery,Bryan.Apellanes.Data.Database)" -->
        <member name="M:Bryan.Apellanes.Messaging.Data.Message.GetOneWhere(Bryan.Apellanes.Data.QueryFilter,Bryan.Apellanes.Data.Database)">
            <summary>
            Get one entry matching the specified filter.  If none exists 
            one will be created; success will depend on the nullability
            of the specified columns.
            </summary>
        </member>
        <member name="M:Bryan.Apellanes.Messaging.Data.Message.OneWhere(Bryan.Apellanes.Data.QueryFilter,Bryan.Apellanes.Data.Database)">
            <summary>
            Execute a query that should return only one result.  If more
            than one result is returned a MultipleEntriesFoundException will 
            be thrown.  
            </summary>
            <param name="where"></param>
            <param name="database"></param>
        </member>
        <member name="M:Bryan.Apellanes.Messaging.Data.Message.GetOneWhere(Bryan.Apellanes.Data.WhereDelegate{Bryan.Apellanes.Messaging.Data.MessageColumns},Bryan.Apellanes.Data.Database)">
            <summary>
            Get one entry matching the specified filter.  If none exists 
            one will be created; success will depend on the nullability
            of the specified columns.
            </summary>
            <param name="where"></param>
            <param name="database"></param>
        </member>
        <member name="M:Bryan.Apellanes.Messaging.Data.Message.OneWhere(Bryan.Apellanes.Data.WhereDelegate{Bryan.Apellanes.Messaging.Data.MessageColumns},Bryan.Apellanes.Data.Database)">
            <summary>
            Execute a query that should return only one result.  If more
            than one result is returned a MultipleEntriesFoundException will 
            be thrown.  This method is most commonly used to retrieve a
            single Message instance by its Id/Key value
            </summary>
            <param name="where">A WhereDelegate that recieves a MessageColumns 
            and returns a IQueryFilter which is the result of any comparisons
            between MessageColumns and other values
            </param>
            <param name="database"></param>
        </member>
        <!-- Badly formed XML comment ignored for member "M:Bryan.Apellanes.Messaging.Data.Message.OneWhere(Bryan.Apellanes.Data.Qi.QiQuery,Bryan.Apellanes.Data.Database)" -->
        <member name="M:Bryan.Apellanes.Messaging.Data.Message.FirstOneWhere(Bryan.Apellanes.Data.WhereDelegate{Bryan.Apellanes.Messaging.Data.MessageColumns},Bryan.Apellanes.Data.Database)">
            <summary>
            Execute a query and return the first result.  This method will issue a sql TOP clause so only the 
            specified number of values will be returned.
            </summary>
            <param name="where">A WhereDelegate that recieves a MessageColumns 
            and returns a IQueryFilter which is the result of any comparisons
            between MessageColumns and other values
            </param>
            <param name="database"></param>
        </member>
        <member name="M:Bryan.Apellanes.Messaging.Data.Message.FirstOneWhere(Bryan.Apellanes.Data.WhereDelegate{Bryan.Apellanes.Messaging.Data.MessageColumns},Bryan.Apellanes.Data.OrderBy{Bryan.Apellanes.Messaging.Data.MessageColumns},Bryan.Apellanes.Data.Database)">
            <summary>
            Execute a query and return the first result.  This method will issue a sql TOP clause so only the 
            specified number of values will be returned.
            </summary>
            <param name="where">A WhereDelegate that recieves a MessageColumns 
            and returns a IQueryFilter which is the result of any comparisons
            between MessageColumns and other values
            </param>
            <param name="database"></param>
        </member>
        <member name="M:Bryan.Apellanes.Messaging.Data.Message.FirstOneWhere(Bryan.Apellanes.Data.QueryFilter,Bryan.Apellanes.Data.OrderBy{Bryan.Apellanes.Messaging.Data.MessageColumns},Bryan.Apellanes.Data.Database)">
            <summary>
            Shortcut for Top(1, where, orderBy, database)
            </summary>
            <param name="where">A WhereDelegate that recieves a MessageColumns 
            and returns a IQueryFilter which is the result of any comparisons
            between MessageColumns and other values
            </param>
            <param name="database"></param>
        </member>
        <member name="M:Bryan.Apellanes.Messaging.Data.Message.Top(System.Int32,Bryan.Apellanes.Data.WhereDelegate{Bryan.Apellanes.Messaging.Data.MessageColumns},Bryan.Apellanes.Data.Database)">
            <summary>
            Execute a query and return the specified number
            of values. This method will issue a sql TOP clause so only the 
            specified number of values will be returned.
            </summary>
            <param name="count">The number of values to return.
            This value is used in the sql query so no more than this 
            number of values will be returned by the database.
            </param>
            <param name="where">A WhereDelegate that recieves a MessageColumns 
            and returns a IQueryFilter which is the result of any comparisons
            between MessageColumns and other values
            </param>
            <param name="database"></param>
        </member>
        <member name="M:Bryan.Apellanes.Messaging.Data.Message.Top(System.Int32,Bryan.Apellanes.Data.WhereDelegate{Bryan.Apellanes.Messaging.Data.MessageColumns},Bryan.Apellanes.Data.OrderBy{Bryan.Apellanes.Messaging.Data.MessageColumns},Bryan.Apellanes.Data.Database)">
            <summary>
            Execute a query and return the specified number of values.  This method
            will issue a sql TOP clause so only the specified number of values
            will be returned.
            of values
            </summary>
            <param name="count">The number of values to return.
            This value is used in the sql query so no more than this 
            number of values will be returned by the database.
            </param>
            <param name="where">A WhereDelegate that recieves a MessageColumns 
            and returns a IQueryFilter which is the result of any comparisons
            between MessageColumns and other values
            </param>
            <param name="orderBy">
            Specifies what column and direction to order the results by
            </param>
            <param name="database"></param>
        </member>
        <member name="M:Bryan.Apellanes.Messaging.Data.Message.Top(System.Int32,Bryan.Apellanes.Data.QueryFilter,Bryan.Apellanes.Data.OrderBy{Bryan.Apellanes.Messaging.Data.MessageColumns},Bryan.Apellanes.Data.Database)">
            <summary>
            Execute a query and return the specified number of values.  This method
            will issue a sql TOP clause so only the specified number of values
            will be returned.
            of values
            </summary>
            <param name="count">The number of values to return.
            This value is used in the sql query so no more than this 
            number of values will be returned by the database.
            </param>
            <param name="where">A QueryFilter used to filter the 
            results
            </param>
            <param name="orderBy">
            Specifies what column and direction to order the results by
            </param>
            <param name="db"></param>
        </member>
        <member name="M:Bryan.Apellanes.Messaging.Data.Message.Top(System.Int32,Bryan.Apellanes.Data.Qi.QiQuery,Bryan.Apellanes.Data.Database)">
            <summary>
            Execute a query and return the specified number of values.  This method
            will issue a sql TOP clause so only the specified number of values
            will be returned.
            of values
            </summary>
            <param name="count">The number of values to return.
            This value is used in the sql query so no more than this 
            number of values will be returned by the database.
            </param>
            <param name="where">A QueryFilter used to filter the 
            results
            </param>
            <param name="orderBy">
            Specifies what column and direction to order the results by
            </param>
            <param name="db"></param>
        </member>
        <member name="M:Bryan.Apellanes.Messaging.Data.Message.Count(Bryan.Apellanes.Data.WhereDelegate{Bryan.Apellanes.Messaging.Data.MessageColumns},Bryan.Apellanes.Data.Database)">
            <summary>
            Execute a query and return the number of results
            </summary>
            <param name="where">A WhereDelegate that recieves a MessageColumns 
            and returns a IQueryFilter which is the result of any comparisons
            between MessageColumns and other values
            </param>
            <param name="db"></param>
        </member>
    </members>
</doc>
