<?xml version="1.0"?>
<doc>
    <assembly>
        <name>Bryan.Apellanes.Dust</name>
    </assembly>
    <members>
        <member name="T:Bryan.Apellanes.Dust.Dust">
            <summary>
            Convenience entry point into Dust initialization and 
            configuration.  Set DustRoot to the folder that contains
            Dust templates or set it in the configuration file
            using the key DustRoot.  Be sure to call Dust.Initialize()
            before attempting Dust templating.
            </summary>
        </member>
        <member name="M:Bryan.Apellanes.Dust.Dust.TemplateIsRegistered(System.String)">
            <summary>
            Returns true if the specified tempalteName has been regisered
            </summary>
            <param name="templateName"></param>
            <returns></returns>
        </member>
        <member name="M:Bryan.Apellanes.Dust.Dust.Initialize">
            <summary>
            Loads templates from the folder specified in DustRoot
            </summary>
        </member>
        <member name="P:Bryan.Apellanes.Dust.Dust.CompiledTemplates">
            <summary>
            Holds references by template name to the javascript compiled
            result of calling dust.compile
            </summary>
        </member>
        <member name="P:Bryan.Apellanes.Dust.Dust.Templates">
            <summary>
            Holds references by template name to the DustTemplate
            instances
            </summary>
        </member>
        <member name="P:Bryan.Apellanes.Dust.Dust.GetAbsoluteDustRootDelegate">
            <summary>
            The delegate used during initialization to determine the 
            absolute path to the dust root folder given the relative path.
            The default implementation uses HttpContext.Current.Server.MapPath
            </summary>
        </member>
        <member name="T:Bryan.Apellanes.Dust.DustTemplate">
            <summary>
            Represents a dust template
            </summary>
        </member>
    </members>
</doc>
