<?xml version="1.0"?>
<doc>
    <assembly>
        <name>Bryan.Apellanes.Data</name>
    </assembly>
    <members>
        <member name="T:Bryan.Apellanes.Data.Book`1">
            <summary>
            Convenience collection like object for 
            paging IEnumerables
            </summary>
            <typeparam name="T"></typeparam>
        </member>
        <member name="T:Bryan.Apellanes.Data.ColumnAttribute">
            <summary>
            Used to define a Column in a Table in Schema.
            </summary>
        </member>
        <member name="M:Bryan.Apellanes.Data.QueryResult.As``1">
            <summary>
            Instantiates a new instance of T and calls SetDataTable passing
            in the DataTable from the current instance
            </summary>
            <typeparam name="T"></typeparam>
            <returns></returns>
        </member>
        <member name="M:Bryan.Apellanes.Data.DaoProxyRegistration.Initialize">
            <summary>
            Initialize the inner registration container and 
            registers the mvc route for query interface (qi.js; pronounced "chi") 
            calls.
            </summary>
        </member>
        <member name="M:Bryan.Apellanes.Data.DaoProxyRegistration.Register``1">
            <summary>
            Register siblings of the specified Dao type T along with
            T itself
            </summary>
            <typeparam name="T"></typeparam>
            <returns></returns>
        </member>
        <member name="T:Bryan.Apellanes.Data.DaoProxySystem">
            <summary>
            This class exists for consisteny in the 
            initialization calls intended to be called
            from the Global.asax file and App_Start
            classes.
            </summary>
        </member>
        <member name="M:Bryan.Apellanes.Data.DaoProxySystem.Initialize">
            <summary>
            Registers the mvc route for query interface (qi.js; pronounced "chi") 
            calls.  This route should be registered after the default route
            </summary>
        </member>
        <member name="M:Bryan.Apellanes.Data.Db.For(System.String,Bryan.Apellanes.Data.Database)">
            <summary>
            Gets the Database for the specified connectionName.  If
            a database is provided then the value is set and returned.
            </summary>
            <param name="connectionName"></param>
            <param name="database"></param>
            <returns></returns>
        </member>
        <member name="M:Bryan.Apellanes.Data.Db.TryEnsureSchema``1(Bryan.Apellanes.Data.Database)">
            <summary>
            Creates the tables for the specified type and 
            associated sibling tables
            </summary>
            <typeparam name="T"></typeparam>
            <returns>true on success, false if an error was thrown, possibly due to the 
            schema already having been written.</returns>
        </member>
        <member name="M:Bryan.Apellanes.Data.Db.TryEnsureSchema(System.Type,Bryan.Apellanes.Data.Database)">
            <summary>
            Creates the tables for the specified type and 
            associated sibling tables
            </summary>
            <param name="type"></param>
            <returns>true on success, false if an error was thrown, possibly due to the 
            schema already having been written.</returns>
        </member>
        <member name="M:Bryan.Apellanes.Data.Db.TryEnsureSchema(System.String,Bryan.Apellanes.Data.Database,System.Exception@)">
            <summary>
            Creates the tables for the specified type and 
            associated sibling tables
            </summary>
            <param name="connectionName">The name of the connection in the config file</param>
        </member>
        <member name="M:Bryan.Apellanes.Data.Db.EnsureSchema``1(Bryan.Apellanes.Data.Database)">
            <summary>
            Creates the tables for the specified type and 
            associated sibling tables
            </summary>
            <typeparam name="T"></typeparam>
        </member>
        <member name="M:Bryan.Apellanes.Data.Db.EnsureSchema(System.String,Bryan.Apellanes.Data.Database)">
            <summary>
            Creates the tables for the specified type and 
            associated sibling tables
            </summary>
            <param name="connectionName"></param>
        </member>
        <member name="M:Bryan.Apellanes.Data.Db.EnsureSchema(System.Type,Bryan.Apellanes.Data.Database)">
            <summary>
            Creates the tables for the specified type
            </summary>
            <param name="type"></param>
        </member>
        <member name="T:Bryan.Apellanes.Data.ExcludeAttribute">
            <summary>
            Use to exclude a method from being proxied or a property from 
            being "editable" in a call to Html.InputsFor.
            </summary>
        </member>
        <member name="M:Bryan.Apellanes.Data.IConnectionStringResolver.Resolve(System.String)">
            <summary>
            When implemented in a derived class returns the ConnectionStringSettings 
            for the specified connectionName or null if it cannot be resolved
            </summary>
            <param name="connectionName"></param>
            <returns></returns>
        </member>
        <member name="T:Bryan.Apellanes.Data.Query`2">
            <summary>
            Convenience class for queries
            </summary>
            <typeparam name="C">The type defining column names</typeparam>
            <typeparam name="T">The matching table type T for columns C</typeparam>
        </member>
        <member name="M:Bryan.Apellanes.Data.QueryFilter`1.InIfNotEmpty(System.Object[])">
            <summary>
            Adds an InComparison only if the specified object array is not empty
            </summary>
            <param name="values"></param>
            <returns></returns>
        </member>
        <member name="M:Bryan.Apellanes.Data.QueryFilter`1.InIfNotEmpty(System.Int64[])">
            <summary>
            Adds an InComparison only if the specified object array is not empty
            </summary>
            <param name="values"></param>
            <returns></returns>
        </member>
        <member name="M:Bryan.Apellanes.Data.QueryFilter`1.InIfNotEmpty(System.String[])">
            <summary>
            Adds an InComparison only if the specified object array is not empty
            </summary>
            <param name="values"></param>
            <returns></returns>
        </member>
        <member name="T:Bryan.Apellanes.Data.SchemaInitializer">
            <summary>
            This class takes responsibility for initializing databases and their 
            related schemas.
            </summary>
        </member>
        <member name="P:Bryan.Apellanes.Data.SchemaInitializer.SchemaContext">
            <summary>
            The FullName of the database context to initialize if AssemblyPath is specified.
            Otherwise, the assembly qualified type name.
            </summary>
        </member>
        <member name="P:Bryan.Apellanes.Data.SchemaInitializer.RegistrarCaller">
            <summary>
            The AssemblyQualifiedName of an IRegistrarCaller implementation
            used to register the underlying database type (SQLite, SqlClient, etc.)
            </summary>
        </member>
        <member name="P:Bryan.Apellanes.Data.SchemaInitializer.SchemaAssemblyPath">
            <summary>
            If specified, should be the path to the assembly containing the 
            SchemaContext to be initialized.
            </summary>
        </member>
        <member name="M:Bryan.Apellanes.Data.SqlStringBuilder.TryExecute(Bryan.Apellanes.Data.Database,System.Exception@)">
            <summary>
            Tries to execute the script by wrapping a call to Execute
            in a try catch; will return true if no exception occurred.
            </summary>
            <param name="db"></param>
            <param name="ex"></param>
            <returns></returns>
        </member>
        <member name="M:Bryan.Apellanes.Data.SqlStringBuilder.Go">
            <summary>
            Appends GoText to the end of the current string
            </summary>
            <returns></returns>
        </member>
        <member name="M:Bryan.Apellanes.Data.SqlStringBuilder.Top``1(System.Int32)">
            <summary>
            Select Top [topCount].  Same as SelectTop
            </summary>
            <typeparam name="T"></typeparam>
            <param name="topCount"></param>
            <returns></returns>
        </member>
        <member name="M:Bryan.Apellanes.Data.SqlStringBuilder.SelectTop``1(System.Int32)">
            <summary>
            Select Top [topCount].  Same as Top
            </summary>
            <typeparam name="T"></typeparam>
            <param name="topCount"></param>
            <returns></returns>
        </member>
        <member name="P:Bryan.Apellanes.Data.SqlStringBuilder.Builder">
            <summary>
            Contains the Sql statement thus far for this
            SqlStringBuilder, same as StringBuilder
            </summary>
        </member>
        <member name="P:Bryan.Apellanes.Data.SqlStringBuilder.StringBuilder">
            <summary>
            Contains the Sql statement thus far for this
            SqlStringBuilder, same as Builder
            </summary>
        </member>
        <member name="M:Bryan.Apellanes.Data.SchemaWriter.WriteSchemaScript``1">
            <summary>
            Writes the sql script that will recreate the schema associated with the specified
            Dao type.  
            </summary>
            <typeparam name="T">The type to analyse</typeparam>
            <returns>False if the Assembly that the specified type 
            is defined in has already been analysed, true otherwise</returns>
        </member>
        <member name="M:Bryan.Apellanes.Data.SchemaWriter.DropAllTables``1">
            <summary>
            Write the necessary script to drop  
            all tables associated with the specified type
            T.  Throws a DropNotEnabledException if
            EnableDrop is false.
            </summary>
            <typeparam name="T"></typeparam>
        </member>
        <member name="M:Bryan.Apellanes.Data.SchemaWriter.GetColumnDefinition(Bryan.Apellanes.Data.ColumnAttribute)">
            <summary>
            Gets the text used to declare the specified column in a 
            create table sql statement.
            </summary>
            <param name="column"></param>
            <returns></returns>
        </member>
        <member name="T:Bryan.Apellanes.Data.Dao">
            <summary>
            Data Access Object
            </summary>
        </member>
        <member name="M:Bryan.Apellanes.Data.Dao.RegisterDaoTypes(System.Type)">
            <summary>
            Instantiate all dao types found in the assembly that contains the
            specified type and place them into the Incubator.Default
            </summary>
            <param name="daoSibling"></param>
        </member>
        <member name="M:Bryan.Apellanes.Data.Dao.RegisterDaoTypes(System.Type,Bryan.Apellanes.Incubation.Incubator)">
            <summary>
            Instantiate all Dao types in the assembly that contains the specified
            type and place them into the specified
            serviceProvider
            </summary>
            <param name="daoAssembly"></param>
            <param name="serviceProvider"></param>
        </member>
        <member name="M:Bryan.Apellanes.Data.Dao.RegisterDaoTypes(System.Reflection.Assembly,Bryan.Apellanes.Incubation.Incubator)">
            <summary>
            Instantiate all Dao types in the specified assembly and place them into the specified
            serviceProvider
            </summary>
            <param name="daoAssembly"></param>
            <param name="serviceProvider"></param>
        </member>
        <member name="M:Bryan.Apellanes.Data.Dao.Initialize">
            <summary>
            An overridable method to provide constructor functionality since the constructors are generated.
            </summary>
        </member>
        <member name="M:Bryan.Apellanes.Data.Dao.ResetChildren">
            <summary>
            Reset the child collections for this instance forcing
            them to be reloaded the next time they are referenced.
            </summary>
        </member>
        <member name="M:Bryan.Apellanes.Data.Dao.ValidateRequiredProperties(System.String[]@)">
            <summary>
            Checks that every required column has a value.  Untested as of 05/09/2013 :b
            </summary>
            <param name="messages"></param>
            <returns></returns>
        </member>
        <member name="M:Bryan.Apellanes.Data.Dao.Save">
            <summary>
            Save the current instance.  If the Id is less than or
            equal to 0 the current instance will be Inserted, otherwise
            it will be Updated. Same as Commit
            </summary>
        </member>
        <member name="M:Bryan.Apellanes.Data.Dao.Save(Bryan.Apellanes.Data.Database)">
            <summary>
            Save the current instance.  If the Id is less than or
            equal to 0 the current instance will be Inserted, otherwise
            it will be Updated. Same as commit
            </summary>
        </member>
        <member name="M:Bryan.Apellanes.Data.Dao.Commit">
            <summary>
            Save the current instance.  If the Id is less than or
            equal to 0 the current instance will be Inserted, otherwise
            it will be Updated. Same as Save
            </summary>
        </member>
        <member name="M:Bryan.Apellanes.Data.Dao.Commit(Bryan.Apellanes.Data.DaoTransaction)">
            <summary>
            Save the current instance.  If the Id is less than or
            equal to 0 the current instance will be Inserted, otherwise
            it will be Updated. Same as Save
            </summary>
        </member>
        <member name="M:Bryan.Apellanes.Data.Dao.Commit(Bryan.Apellanes.Data.Database)">
            <summary>
            Save the current instance.  If the Id is less than or
            equal to 0 the current instance will be Inserted, otherwise
            it will be Updated. Same as Save
            </summary>
        </member>
        <member name="M:Bryan.Apellanes.Data.Dao.WriteCommit(Bryan.Apellanes.Data.SqlStringBuilder)">
            <summary>
            Write the update or insert statement for the current instance
            to the specified SqlStringBuilder.
            </summary>
            <param name="sqlStringBuilder"></param>
        </member>
        <member name="M:Bryan.Apellanes.Data.Dao.Undo(Bryan.Apellanes.Data.Database)">
            <summary>
            Undo any changes that have been made to the current instance
            since it was loaded.
            </summary>
            <param name="db"></param>
        </member>
        <member name="M:Bryan.Apellanes.Data.Dao.Undelete(Bryan.Apellanes.Data.Database)">
            <summary>
            Re-insert the current instance after it has been deleted
            </summary>
            <param name="db"></param>
        </member>
        <member name="M:Bryan.Apellanes.Data.Dao.ToJsonSafe">
            <summary>
            Creates an in memory dynamic type representing
            the current Dao's Columns only.
            </summary>
            <param name="daoObject"></param>
            <returns></returns>
        </member>
        <member name="M:Bryan.Apellanes.Data.Dao.GetNewAssignValues">
            <summary>
            Gets an array of AssignValue instances that represent 
            the names and values of columns with new values
            </summary>
            <returns></returns>
        </member>
        <member name="M:Bryan.Apellanes.Data.Dao.GetOldAssignValues">
            <summary>
            Gets an array of AssignValue instances that represent 
            the names and values of columns with old values (prior to any new sets)
            </summary>
            <returns></returns>
        </member>
        <member name="M:Bryan.Apellanes.Data.Dao.GetUniqueFilter">
            <summary>
            When implemented by a derived class returns filters that should uniquely
            identify a single record.
            </summary>
            <returns></returns>
        </member>
        <member name="M:Bryan.Apellanes.Data.Dao.ConnectionName(System.Object)">
            <summary>
            Returns the connection name for the specified Dao instance or the proxied
            name if the connection name for the specified Dao instance has been proxied
            </summary>
            <param name="instance"></param>
            <returns></returns>
        </member>
        <member name="M:Bryan.Apellanes.Data.Dao.ConnectionName(System.Type)">
            <summary>
            Returns the connection name for the specified type or the proxied
            name if the connection name for the specified type has been proxied
            </summary>
            <param name="type"></param>
            <returns></returns>
        </member>
        <member name="M:Bryan.Apellanes.Data.Dao.ProxiedConnectionName(System.Type)">
            <summary>
            Returns the proxied connection name for the specified
            Type if the connection hasn't been proxied/redirected
            then the real connection name will be returned.
            </summary>
            <param name="type"></param>
            <returns></returns>
        </member>
        <member name="M:Bryan.Apellanes.Data.Dao.UnproxyConnection(System.Type)">
            <summary>
            Stop redirecting the connection name for the specified
            type
            </summary>
            <param name="type"></param>
        </member>
        <member name="M:Bryan.Apellanes.Data.Dao.UnproxyConnection(System.String)">
            <summary>
            Stop redirecting the connection name for the specified type
            </summary>
            <param name="realName"></param>
        </member>
        <member name="M:Bryan.Apellanes.Data.Dao.ProxyConnection(System.Type,System.String)">
            <summary>
            Causes calls to ConnectionName for the specified type to 
            return the specified newConnectionName.  This method must be
            called prior to any XXXRegistrar.Register(Type, "CxName") calls
            for example: SqlClientRegistrar.Register(typeof(Employee), "MyConnectionName")
            </summary>
            <param name="type"></param>
            <param name="newConnectionName"></param>
        </member>
        <member name="M:Bryan.Apellanes.Data.Dao.ProxyConnection(System.String,System.String)">
            <summary>
            
            </summary>
            <param name="originalConnectionName"></param>
            <param name="newConnectionName"></param>
        </member>
        <member name="P:Bryan.Apellanes.Data.Dao.AutoDeleteChildren">
            <summary>
            If true, any references to the current
            record will be deleted prior to deleting
            the current record in a call to Delete()
            </summary>
        </member>
        <member name="P:Bryan.Apellanes.Data.Dao.IsNew">
            <summary>
            Returns true if the current instance hasn't been committed
            as determined by whether the IdValue is greater than 0
            </summary>
        </member>
        <member name="M:Bryan.Apellanes.Data.PagedEnumerator`1.MoveNextPage">
            <summary>
            When implemented by a derived class should set the 
            CurrentPage property to the next page.
            </summary>
            <returns></returns>
        </member>
        <member name="M:Bryan.Apellanes.Data.PagedEnumerator`1.Reset">
            <summary>
            Reset the current item and page back to the start
            </summary>
        </member>
        <member name="P:Bryan.Apellanes.Data.PagedEnumerator`1.CurrentItemIndex">
            <summary>
            Represents the current index of the 
            current page.
            </summary>
        </member>
        <member name="P:Bryan.Apellanes.Data.PagedEnumerator`1.CurrentPageIndex">
            <summary>
            Represents the index of the current page.
            </summary>
        </member>
        <member name="P:Bryan.Apellanes.Data.PagedEnumerator`1.Current">
            <summary>
            Returns the item of the current page at 
            the current index.
            </summary>
        </member>
        <member name="M:Bryan.Apellanes.Data.DaoCollection`2.As``1">
            <summary>
            Instantiates a new instance of T and calls SetDataTable passing
            in the DataTable from the current instance
            </summary>
            <typeparam name="T"></typeparam>
            <returns></returns>
        </member>
        <member name="M:Bryan.Apellanes.Data.DaoCollection`2.Reload">
            <summary>
            Reload the current collection using the original query
            used to populate it
            </summary>
        </member>
        <member name="M:Bryan.Apellanes.Data.DaoCollection`2.WriteDelete(Bryan.Apellanes.Data.SqlStringBuilder)">
            <summary>
            Write the necessary Sql statements into the specified SqlStringBuilder 
            to delete all the records represented by the current collection.
            </summary>
            <param name="sql"></param>
        </member>
        <member name="M:Bryan.Apellanes.Data.DaoCollection`2.JustOne(Bryan.Apellanes.Data.Database,System.Boolean)">
            <summary>
            Gets one value if it exists, creates it if it doesn't.  Throws MultipleEntriesFoundException
            if more than one value is in this collection.
            </summary>
            <param name="saveIfNew">If true and a new entry is required, the Dao value will 
            be saved prior to being returned </param>
            <returns></returns>
        </member>
        <member name="M:Bryan.Apellanes.Data.DaoCollection`2.GetPage(System.Int32)">
            <summary>
            Get the 1 based page number or an empty list
            if the specified page number is not found.
            </summary>
            <param name="pageNum"></param>
            <returns></returns>
        </member>
        <member name="M:Bryan.Apellanes.Data.Database.ExecuteSql``1(Bryan.Apellanes.Data.SqlStringBuilder)">
            <summary>
            Execute the specified SqlStringBuilder using the 
            specified generic type to determine which database
            to use.
            </summary>
            <typeparam name="T"></typeparam>
            <param name="builder"></param>
        </member>
        <member name="P:Bryan.Apellanes.Data.Database.ConnectionName">
            <summary>
            Used to locate the connection string in the 
            configuration file as well as uniquely identify
            types that are associated with a specific 
            schema.  This is a legacy feature and may
            be deprecated in favor of using SchemaNames and
            TryEnsureSchema.
            </summary>
        </member>
        <member name="M:Bryan.Apellanes.Data.DatabaseContainer.For``1">
            <summary>
            Gets the Database for the specified type.
            </summary>
            <typeparam name="T"></typeparam>
            <returns></returns>
        </member>
        <member name="M:Bryan.Apellanes.Data.DatabaseContainer.For(System.String)">
            <summary>
            Gets the Databse for the specified entity relationship diagram
            name.  This directly correlates to the 
            </summary>
            <param name="connectionName"></param>
            <returns></returns>
        </member>
        <member name="P:Bryan.Apellanes.Data.DatabaseContainer.Item(System.Type)">
            <summary>
            Gets the database for the specified type.
            </summary>
            <param name="daoType"></param>
            <returns></returns>
        </member>
        <member name="P:Bryan.Apellanes.Data.DatabaseContainer.FallBack">
            <summary>
            The Action to execute if initialization fails
            </summary>
        </member>
        <member name="T:Bryan.Apellanes.Data.DatabaseInitializers">
            <summary>
            Acts as a convenience container for any IDatabaseInitializer
            implementations that should be used to resolve Database 
            requests when using generated Dao objects.
            </summary>
        </member>
        <member name="M:Bryan.Apellanes.Data.DatabaseInitializers.Ignore``1(System.String)">
            <summary>
            If the specified IDatabaeInitializer of generic type T has been
            added, this will cause it to ignore initialization requests for 
            the speicfied connectionName to allow another initializer the
            chance to initialize it.
            </summary>
            <typeparam name="T"></typeparam>
            <param name="connectionName"></param>
            <returns></returns>
        </member>
        <member name="M:Bryan.Apellanes.Data.DatabaseInitializers.TryInitialize(System.String)">
            <summary>
            Tries to initialize the database for the specified connectionName using
            the registered DatabaseInitializers
            </summary>
            <param name="connectionName"></param>
            <returns></returns>
        </member>
        <member name="P:Bryan.Apellanes.Data.DefaultConnectionStringResolver.Resolver">
            <summary>
            If specified, is used as the default connection string resolver
            </summary>
        </member>
        <member name="T:Bryan.Apellanes.Data.DefaultDatabaseInitializer">
            <summary>
            A DatabaseInitializer that reads the connection string from the 
            default configuration file
            </summary>
        </member>
        <member name="M:Bryan.Apellanes.Data.DefaultDatabaseInitializer.Ignore(System.Type[])">
            <summary>
            Causes the current DatabaseInitializer to NOT initialize the 
            database for the connection name associated with the specified
            types.
            </summary>
            <param name="types"></param>
        </member>
        <member name="M:Bryan.Apellanes.Data.DefaultDatabaseInitializer.Ignore(System.String[])">
            <summary>
            Causes the current DatabaseInitializer to NOT initialize the
            database for the connection names specified.
            </summary>
            <param name="connectionNames"></param>
        </member>
        <member name="M:Bryan.Apellanes.Data.DefaultDatabaseInitializer.GetDatabase(System.Configuration.ConnectionStringSettings,System.Data.Common.DbProviderFactory)">
            <summary>
            Instantiates a database uing the specified ConnectionStringSettings and DbProviderFactory
            </summary>
            <param name="conn"></param>
            <param name="factory"></param>
            <returns></returns>
        </member>
        <member name="M:Bryan.Apellanes.Data.DefaultDatabaseInitializer.ResolveFactoryType(System.Configuration.ConnectionStringSettings)">
            <summary>
            Reads the ProviderName property of the specified ConnectionStringSettings
            and uses Type.GetType() to find the type of the DbFactory.
            NOTE: This requires the ProviderName to be set to a string value
            that Type.GetType() can resolve to a CLI type.
            </summary>
            <param name="conn"></param>
            <returns></returns>        
        </member>
        <member name="P:Bryan.Apellanes.Data.DefaultDatabaseInitializer.Instance">
            <summary>
            The DefaultInitilizer Instance
            </summary>
        </member>
        <member name="M:Bryan.Apellanes.Data.FormatPart.AddParameter(Bryan.Apellanes.Data.IParameterInfo)">
            <summary>
            Adds the specified IParameterInfo
            </summary>
            <param name="parameter"></param>
        </member>
        <member name="T:Bryan.Apellanes.Data.QuerySet">
            <summary>
            Allows
            one to specify a sequence of sql statements
            that result in the return of potentially
            multiple result sets (similar to a DataSet).
            </summary>
        </member>
        <member name="M:Bryan.Apellanes.Data.QuerySet.Count``1">
            <summary>
            Same as SelectCount. Equivalent to (SELECT COUNT(*))
            </summary>
            <typeparam name="T"></typeparam>
            <returns></returns>
        </member>
        <member name="M:Bryan.Apellanes.Data.QuerySet.SelectCount``1">
            <summary>
            Same as Count. Equivalent to (SELECT COUNT(*))
            </summary>
            <typeparam name="T"></typeparam>
            <returns></returns>
        </member>
        <member name="M:Bryan.Apellanes.Data.QuerySet.SubscribeToExecute">
            <summary>
            This is what's responsible for setting the ID 
            </summary>
        </member>
        <member name="M:Bryan.Apellanes.Data.QuerySetResults.As``1(System.Int32)">
            <summary>
            Instantiates a new instance of T and calls SetDataTable passing
            in the DataTable from the specified index
            </summary>
            <typeparam name="T"></typeparam>
            <returns></returns>
        </member>
        <member name="M:Bryan.Apellanes.Data.QuerySetResults.ToDao``1(System.Int32)">
            <summary>
            Returns the value of the specified index as the specified 
            generic Dao type, only valid for inserts.
            </summary>
            <typeparam name="T"></typeparam>
            <param name="index"></param>
            <returns></returns>
        </member>
        <member name="P:Bryan.Apellanes.Data.TableAttribute.ConnectionName">
            <summary>
            Logical name given to the schema that
            the table is part of.  
            </summary>
        </member>
        <member name="T:Bryan.Apellanes.Data.XrefDaoCollection`2">
            <summary>
            A collection that represents a cross reference between its
            parents and the table represented by L.
            </summary>
            <typeparam name="X">The Xref type</typeparam>
            <typeparam name="L">The list type</typeparam>
        </member>
        <member name="M:Bryan.Apellanes.Data.XrefDaoCollection`2.Remove(`1)">
            <summary>
            Removes the specified item from this collection, deletes the xref entry but
            does not delete the item from the database
            </summary>
            <param name="item"></param>
        </member>
    </members>
</doc>
