<?xml version="1.0"?>
<doc>
    <assembly>
        <name>Bryan.Apellanes.Caching</name>
    </assembly>
    <members>
        <member name="M:Bryan.Apellanes.Caching.Cache.StartGroomer">
            <summary>
            Start grooming in a background thread;
            </summary>
        </member>
        <member name="M:Bryan.Apellanes.Caching.Cache.Groom">
            <summary>
            Evict items from the cache that cause the cache to be larger
            than MaxBytes and evict anything in the eviction queue
            </summary>
        </member>
        <member name="M:Bryan.Apellanes.Caching.Cache.Evict(System.Int32)">
            <summary>
            Remove the specified number of entries from the end of 
            the Cache; all entries are sorted descending by hits
            </summary>
            <param name="count"></param>
        </member>
        <member name="M:Bryan.Apellanes.Caching.CachingRepository.RetrieveAll``1">
            <summary>
            Delegates to the underlying SourceRepository
            without caching
            </summary>
            <typeparam name="T"></typeparam>
            <returns></returns>
        </member>
        <member name="M:Bryan.Apellanes.Caching.CachingRepository.RetrieveAll(System.Type)">
            <summary>
            Delegates to the underlying SourceRepository
            without caching
            </summary>
            <param name="type"></param>
            <returns></returns>
        </member>
        <member name="T:Bryan.Apellanes.Caching.TextFileCache">
            <summary>
            A caching mechanism for text files. 
            </summary>
        </member>
    </members>
</doc>
