<?xml version="1.0"?>
<doc>
    <assembly>
        <name>Bryan.Apellanes.Data.SQLite</name>
    </assembly>
    <members>
        <member name="T:Bryan.Apellanes.Data.SQLiteConnectionStringResolver">
            <summary>
            Resolves connection string requests to a sqlite database in the
            directory specified by the Directory property.
            </summary>
        </member>
        <member name="M:Bryan.Apellanes.Data.SQLiteConnectionStringResolver.Register">
            <summary>
            Register the default SQLiteConnectionStringResolver instance as 
            a ConnectionStringResolver with the ConnectionStringResolvers static
            class
            </summary>
        </member>
        <member name="P:Bryan.Apellanes.Data.SQLiteConnectionStringResolver.Directory">
            <summary>
            The diretory to create the database in
            </summary>
        </member>
        <member name="M:Bryan.Apellanes.Data.SQLite.SQLiteDatabase.#ctor(System.String,System.String)">
            <summary>
            Instantiate a new SQLiteDatabase instance where the database
            file will be placed into the specified directoryPath using the
            specified connectionName as the file name
            </summary>
            <param name="directoryPath"></param>
            <param name="connectionName"></param>
        </member>
        <member name="M:Bryan.Apellanes.Data.SQLiteRegistrar.Register(Bryan.Apellanes.Data.Database)">
            <summary>
            Register the SQLite components with the ServiceProvider 
            of the specified database.  This Register method will
            not call SetInitializerAndConnectionStringResolver
            like the other Register methods do.
            </summary>
            <param name="database"></param>
        </member>
        <member name="M:Bryan.Apellanes.Data.SQLiteRegistrar.Register(System.String)">
            <summary>
            Registers SQLite as the handler for the specified connection name.
            This dao handler will register apropriate DatabaseInitializer and
            ConnectionStringResolver.  This behavior is different compared to the
            SqlClientRegistrar's Register method.
            </summary>
            <param name="connectionName"></param>
        </member>
        <member name="M:Bryan.Apellanes.Data.SQLiteRegistrar.RegisterFallback">
            <summary>
            Registers SQLite as the fallback initializer for all databases.
            This means that if the default database initializers fail SQLite
            will register itself as the database container and retry database
            initialization.
            </summary>
        </member>
        <member name="T:Bryan.Apellanes.Data.SQLiteRegistrarCaller">
            <summary>
            Registrar caller used to register SQLite as the 
            handler for a database
            </summary>
        </member>
    </members>
</doc>
