<?xml version="1.0"?>
<doc>
    <assembly>
        <name>Bryan.Apellanes.Exegete</name>
    </assembly>
    <members>
        <member name="M:Bryan.Apellanes.Exegete.Language.GetUniqueFilter">
            <summary>
            Gets a query filter that should uniquely identify
            the current instance.  The default implementation
            compares the Id/key field to the current instance's.
            </summary> 
        </member>
        <member name="M:Bryan.Apellanes.Exegete.Language.LoadAll(Bryan.Apellanes.Data.Database)">
            <summary>
            Return every record in the Language table.
            </summary>
            <param name="database">
            The database to load from or null
            </param>
        </member>
        <member name="M:Bryan.Apellanes.Exegete.Language.Where(System.Func{Bryan.Apellanes.Exegete.LanguageColumns,Bryan.Apellanes.Data.QueryFilter{Bryan.Apellanes.Exegete.LanguageColumns}},Bryan.Apellanes.Data.OrderBy{Bryan.Apellanes.Exegete.LanguageColumns},Bryan.Apellanes.Data.Database)">
            <summary>
            Execute a query and return the results. 
            </summary>
            <param name="where">A Func delegate that recieves a LanguageColumns 
            and returns a QueryFilter which is the result of any comparisons
            between LanguageColumns and other values
            </param>
            <param name="db"></param>
        </member>
        <member name="M:Bryan.Apellanes.Exegete.Language.Where(Bryan.Apellanes.Data.WhereDelegate{Bryan.Apellanes.Exegete.LanguageColumns},Bryan.Apellanes.Data.Database)">
            <summary>
            Execute a query and return the results. 
            </summary>
            <param name="where">A WhereDelegate that recieves a LanguageColumns 
            and returns a IQueryFilter which is the result of any comparisons
            between LanguageColumns and other values
            </param>
            <param name="db"></param>
        </member>
        <member name="M:Bryan.Apellanes.Exegete.Language.Where(Bryan.Apellanes.Data.WhereDelegate{Bryan.Apellanes.Exegete.LanguageColumns},Bryan.Apellanes.Data.OrderBy{Bryan.Apellanes.Exegete.LanguageColumns},Bryan.Apellanes.Data.Database)">
            <summary>
            Execute a query and return the results. 
            </summary>
            <param name="where">A WhereDelegate that recieves a LanguageColumns 
            and returns a IQueryFilter which is the result of any comparisons
            between LanguageColumns and other values
            </param>
            <param name="orderBy">
            Specifies what column and direction to order the results by
            </param>
            <param name="database"></param>
        </member>
        <!-- Badly formed XML comment ignored for member "M:Bryan.Apellanes.Exegete.Language.Where(Bryan.Apellanes.Data.Qi.QiQuery,Bryan.Apellanes.Data.Database)" -->
        <member name="M:Bryan.Apellanes.Exegete.Language.GetOneWhere(Bryan.Apellanes.Data.QueryFilter,Bryan.Apellanes.Data.Database)">
            <summary>
            Get one entry matching the specified filter.  If none exists 
            one will be created; success will depend on the nullability
            of the specified columns.
            </summary>
        </member>
        <member name="M:Bryan.Apellanes.Exegete.Language.OneWhere(Bryan.Apellanes.Data.QueryFilter,Bryan.Apellanes.Data.Database)">
            <summary>
            Execute a query that should return only one result.  If more
            than one result is returned a MultipleEntriesFoundException will 
            be thrown.  
            </summary>
            <param name="where"></param>
            <param name="database"></param>
        </member>
        <member name="M:Bryan.Apellanes.Exegete.Language.GetOneWhere(Bryan.Apellanes.Data.WhereDelegate{Bryan.Apellanes.Exegete.LanguageColumns},Bryan.Apellanes.Data.Database)">
            <summary>
            Get one entry matching the specified filter.  If none exists 
            one will be created; success will depend on the nullability
            of the specified columns.
            </summary>
            <param name="where"></param>
            <param name="database"></param>
        </member>
        <member name="M:Bryan.Apellanes.Exegete.Language.OneWhere(Bryan.Apellanes.Data.WhereDelegate{Bryan.Apellanes.Exegete.LanguageColumns},Bryan.Apellanes.Data.Database)">
            <summary>
            Execute a query that should return only one result.  If more
            than one result is returned a MultipleEntriesFoundException will 
            be thrown.  This method is most commonly used to retrieve a
            single Language instance by its Id/Key value
            </summary>
            <param name="where">A WhereDelegate that recieves a LanguageColumns 
            and returns a IQueryFilter which is the result of any comparisons
            between LanguageColumns and other values
            </param>
            <param name="database"></param>
        </member>
        <!-- Badly formed XML comment ignored for member "M:Bryan.Apellanes.Exegete.Language.OneWhere(Bryan.Apellanes.Data.Qi.QiQuery,Bryan.Apellanes.Data.Database)" -->
        <member name="M:Bryan.Apellanes.Exegete.Language.FirstOneWhere(Bryan.Apellanes.Data.WhereDelegate{Bryan.Apellanes.Exegete.LanguageColumns},Bryan.Apellanes.Data.Database)">
            <summary>
            Execute a query and return the first result.  This method will issue a sql TOP clause so only the 
            specified number of values will be returned.
            </summary>
            <param name="where">A WhereDelegate that recieves a LanguageColumns 
            and returns a IQueryFilter which is the result of any comparisons
            between LanguageColumns and other values
            </param>
            <param name="database"></param>
        </member>
        <member name="M:Bryan.Apellanes.Exegete.Language.FirstOneWhere(Bryan.Apellanes.Data.WhereDelegate{Bryan.Apellanes.Exegete.LanguageColumns},Bryan.Apellanes.Data.OrderBy{Bryan.Apellanes.Exegete.LanguageColumns},Bryan.Apellanes.Data.Database)">
            <summary>
            Execute a query and return the first result.  This method will issue a sql TOP clause so only the 
            specified number of values will be returned.
            </summary>
            <param name="where">A WhereDelegate that recieves a LanguageColumns 
            and returns a IQueryFilter which is the result of any comparisons
            between LanguageColumns and other values
            </param>
            <param name="database"></param>
        </member>
        <member name="M:Bryan.Apellanes.Exegete.Language.FirstOneWhere(Bryan.Apellanes.Data.QueryFilter,Bryan.Apellanes.Data.OrderBy{Bryan.Apellanes.Exegete.LanguageColumns},Bryan.Apellanes.Data.Database)">
            <summary>
            Shortcut for Top(1, where, orderBy, database)
            </summary>
            <param name="where">A WhereDelegate that recieves a LanguageColumns 
            and returns a IQueryFilter which is the result of any comparisons
            between LanguageColumns and other values
            </param>
            <param name="database"></param>
        </member>
        <member name="M:Bryan.Apellanes.Exegete.Language.Top(System.Int32,Bryan.Apellanes.Data.WhereDelegate{Bryan.Apellanes.Exegete.LanguageColumns},Bryan.Apellanes.Data.Database)">
            <summary>
            Execute a query and return the specified number
            of values. This method will issue a sql TOP clause so only the 
            specified number of values will be returned.
            </summary>
            <param name="count">The number of values to return.
            This value is used in the sql query so no more than this 
            number of values will be returned by the database.
            </param>
            <param name="where">A WhereDelegate that recieves a LanguageColumns 
            and returns a IQueryFilter which is the result of any comparisons
            between LanguageColumns and other values
            </param>
            <param name="database"></param>
        </member>
        <member name="M:Bryan.Apellanes.Exegete.Language.Top(System.Int32,Bryan.Apellanes.Data.WhereDelegate{Bryan.Apellanes.Exegete.LanguageColumns},Bryan.Apellanes.Data.OrderBy{Bryan.Apellanes.Exegete.LanguageColumns},Bryan.Apellanes.Data.Database)">
            <summary>
            Execute a query and return the specified number of values.  This method
            will issue a sql TOP clause so only the specified number of values
            will be returned.
            of values
            </summary>
            <param name="count">The number of values to return.
            This value is used in the sql query so no more than this 
            number of values will be returned by the database.
            </param>
            <param name="where">A WhereDelegate that recieves a LanguageColumns 
            and returns a IQueryFilter which is the result of any comparisons
            between LanguageColumns and other values
            </param>
            <param name="orderBy">
            Specifies what column and direction to order the results by
            </param>
            <param name="database"></param>
        </member>
        <member name="M:Bryan.Apellanes.Exegete.Language.Top(System.Int32,Bryan.Apellanes.Data.QueryFilter,Bryan.Apellanes.Data.OrderBy{Bryan.Apellanes.Exegete.LanguageColumns},Bryan.Apellanes.Data.Database)">
            <summary>
            Execute a query and return the specified number of values.  This method
            will issue a sql TOP clause so only the specified number of values
            will be returned.
            of values
            </summary>
            <param name="count">The number of values to return.
            This value is used in the sql query so no more than this 
            number of values will be returned by the database.
            </param>
            <param name="where">A QueryFilter used to filter the 
            results
            </param>
            <param name="orderBy">
            Specifies what column and direction to order the results by
            </param>
            <param name="db"></param>
        </member>
        <member name="M:Bryan.Apellanes.Exegete.Language.Top(System.Int32,Bryan.Apellanes.Data.Qi.QiQuery,Bryan.Apellanes.Data.Database)">
            <summary>
            Execute a query and return the specified number of values.  This method
            will issue a sql TOP clause so only the specified number of values
            will be returned.
            of values
            </summary>
            <param name="count">The number of values to return.
            This value is used in the sql query so no more than this 
            number of values will be returned by the database.
            </param>
            <param name="where">A QueryFilter used to filter the 
            results
            </param>
            <param name="orderBy">
            Specifies what column and direction to order the results by
            </param>
            <param name="db"></param>
        </member>
        <member name="M:Bryan.Apellanes.Exegete.Language.Count(Bryan.Apellanes.Data.WhereDelegate{Bryan.Apellanes.Exegete.LanguageColumns},Bryan.Apellanes.Data.Database)">
            <summary>
            Execute a query and return the number of results
            </summary>
            <param name="where">A WhereDelegate that recieves a LanguageColumns 
            and returns a IQueryFilter which is the result of any comparisons
            between LanguageColumns and other values
            </param>
            <param name="db"></param>
        </member>
        <member name="M:Bryan.Apellanes.Exegete.Text.GetUniqueFilter">
            <summary>
            Gets a query filter that should uniquely identify
            the current instance.  The default implementation
            compares the Id/key field to the current instance's.
            </summary> 
        </member>
        <member name="M:Bryan.Apellanes.Exegete.Text.LoadAll(Bryan.Apellanes.Data.Database)">
            <summary>
            Return every record in the Text table.
            </summary>
            <param name="database">
            The database to load from or null
            </param>
        </member>
        <member name="M:Bryan.Apellanes.Exegete.Text.Where(System.Func{Bryan.Apellanes.Exegete.TextColumns,Bryan.Apellanes.Data.QueryFilter{Bryan.Apellanes.Exegete.TextColumns}},Bryan.Apellanes.Data.OrderBy{Bryan.Apellanes.Exegete.TextColumns},Bryan.Apellanes.Data.Database)">
            <summary>
            Execute a query and return the results. 
            </summary>
            <param name="where">A Func delegate that recieves a TextColumns 
            and returns a QueryFilter which is the result of any comparisons
            between TextColumns and other values
            </param>
            <param name="db"></param>
        </member>
        <member name="M:Bryan.Apellanes.Exegete.Text.Where(Bryan.Apellanes.Data.WhereDelegate{Bryan.Apellanes.Exegete.TextColumns},Bryan.Apellanes.Data.Database)">
            <summary>
            Execute a query and return the results. 
            </summary>
            <param name="where">A WhereDelegate that recieves a TextColumns 
            and returns a IQueryFilter which is the result of any comparisons
            between TextColumns and other values
            </param>
            <param name="db"></param>
        </member>
        <member name="M:Bryan.Apellanes.Exegete.Text.Where(Bryan.Apellanes.Data.WhereDelegate{Bryan.Apellanes.Exegete.TextColumns},Bryan.Apellanes.Data.OrderBy{Bryan.Apellanes.Exegete.TextColumns},Bryan.Apellanes.Data.Database)">
            <summary>
            Execute a query and return the results. 
            </summary>
            <param name="where">A WhereDelegate that recieves a TextColumns 
            and returns a IQueryFilter which is the result of any comparisons
            between TextColumns and other values
            </param>
            <param name="orderBy">
            Specifies what column and direction to order the results by
            </param>
            <param name="database"></param>
        </member>
        <!-- Badly formed XML comment ignored for member "M:Bryan.Apellanes.Exegete.Text.Where(Bryan.Apellanes.Data.Qi.QiQuery,Bryan.Apellanes.Data.Database)" -->
        <member name="M:Bryan.Apellanes.Exegete.Text.GetOneWhere(Bryan.Apellanes.Data.QueryFilter,Bryan.Apellanes.Data.Database)">
            <summary>
            Get one entry matching the specified filter.  If none exists 
            one will be created; success will depend on the nullability
            of the specified columns.
            </summary>
        </member>
        <member name="M:Bryan.Apellanes.Exegete.Text.OneWhere(Bryan.Apellanes.Data.QueryFilter,Bryan.Apellanes.Data.Database)">
            <summary>
            Execute a query that should return only one result.  If more
            than one result is returned a MultipleEntriesFoundException will 
            be thrown.  
            </summary>
            <param name="where"></param>
            <param name="database"></param>
        </member>
        <member name="M:Bryan.Apellanes.Exegete.Text.GetOneWhere(Bryan.Apellanes.Data.WhereDelegate{Bryan.Apellanes.Exegete.TextColumns},Bryan.Apellanes.Data.Database)">
            <summary>
            Get one entry matching the specified filter.  If none exists 
            one will be created; success will depend on the nullability
            of the specified columns.
            </summary>
            <param name="where"></param>
            <param name="database"></param>
        </member>
        <member name="M:Bryan.Apellanes.Exegete.Text.OneWhere(Bryan.Apellanes.Data.WhereDelegate{Bryan.Apellanes.Exegete.TextColumns},Bryan.Apellanes.Data.Database)">
            <summary>
            Execute a query that should return only one result.  If more
            than one result is returned a MultipleEntriesFoundException will 
            be thrown.  This method is most commonly used to retrieve a
            single Text instance by its Id/Key value
            </summary>
            <param name="where">A WhereDelegate that recieves a TextColumns 
            and returns a IQueryFilter which is the result of any comparisons
            between TextColumns and other values
            </param>
            <param name="database"></param>
        </member>
        <!-- Badly formed XML comment ignored for member "M:Bryan.Apellanes.Exegete.Text.OneWhere(Bryan.Apellanes.Data.Qi.QiQuery,Bryan.Apellanes.Data.Database)" -->
        <member name="M:Bryan.Apellanes.Exegete.Text.FirstOneWhere(Bryan.Apellanes.Data.WhereDelegate{Bryan.Apellanes.Exegete.TextColumns},Bryan.Apellanes.Data.Database)">
            <summary>
            Execute a query and return the first result.  This method will issue a sql TOP clause so only the 
            specified number of values will be returned.
            </summary>
            <param name="where">A WhereDelegate that recieves a TextColumns 
            and returns a IQueryFilter which is the result of any comparisons
            between TextColumns and other values
            </param>
            <param name="database"></param>
        </member>
        <member name="M:Bryan.Apellanes.Exegete.Text.FirstOneWhere(Bryan.Apellanes.Data.WhereDelegate{Bryan.Apellanes.Exegete.TextColumns},Bryan.Apellanes.Data.OrderBy{Bryan.Apellanes.Exegete.TextColumns},Bryan.Apellanes.Data.Database)">
            <summary>
            Execute a query and return the first result.  This method will issue a sql TOP clause so only the 
            specified number of values will be returned.
            </summary>
            <param name="where">A WhereDelegate that recieves a TextColumns 
            and returns a IQueryFilter which is the result of any comparisons
            between TextColumns and other values
            </param>
            <param name="database"></param>
        </member>
        <member name="M:Bryan.Apellanes.Exegete.Text.FirstOneWhere(Bryan.Apellanes.Data.QueryFilter,Bryan.Apellanes.Data.OrderBy{Bryan.Apellanes.Exegete.TextColumns},Bryan.Apellanes.Data.Database)">
            <summary>
            Shortcut for Top(1, where, orderBy, database)
            </summary>
            <param name="where">A WhereDelegate that recieves a TextColumns 
            and returns a IQueryFilter which is the result of any comparisons
            between TextColumns and other values
            </param>
            <param name="database"></param>
        </member>
        <member name="M:Bryan.Apellanes.Exegete.Text.Top(System.Int32,Bryan.Apellanes.Data.WhereDelegate{Bryan.Apellanes.Exegete.TextColumns},Bryan.Apellanes.Data.Database)">
            <summary>
            Execute a query and return the specified number
            of values. This method will issue a sql TOP clause so only the 
            specified number of values will be returned.
            </summary>
            <param name="count">The number of values to return.
            This value is used in the sql query so no more than this 
            number of values will be returned by the database.
            </param>
            <param name="where">A WhereDelegate that recieves a TextColumns 
            and returns a IQueryFilter which is the result of any comparisons
            between TextColumns and other values
            </param>
            <param name="database"></param>
        </member>
        <member name="M:Bryan.Apellanes.Exegete.Text.Top(System.Int32,Bryan.Apellanes.Data.WhereDelegate{Bryan.Apellanes.Exegete.TextColumns},Bryan.Apellanes.Data.OrderBy{Bryan.Apellanes.Exegete.TextColumns},Bryan.Apellanes.Data.Database)">
            <summary>
            Execute a query and return the specified number of values.  This method
            will issue a sql TOP clause so only the specified number of values
            will be returned.
            of values
            </summary>
            <param name="count">The number of values to return.
            This value is used in the sql query so no more than this 
            number of values will be returned by the database.
            </param>
            <param name="where">A WhereDelegate that recieves a TextColumns 
            and returns a IQueryFilter which is the result of any comparisons
            between TextColumns and other values
            </param>
            <param name="orderBy">
            Specifies what column and direction to order the results by
            </param>
            <param name="database"></param>
        </member>
        <member name="M:Bryan.Apellanes.Exegete.Text.Top(System.Int32,Bryan.Apellanes.Data.QueryFilter,Bryan.Apellanes.Data.OrderBy{Bryan.Apellanes.Exegete.TextColumns},Bryan.Apellanes.Data.Database)">
            <summary>
            Execute a query and return the specified number of values.  This method
            will issue a sql TOP clause so only the specified number of values
            will be returned.
            of values
            </summary>
            <param name="count">The number of values to return.
            This value is used in the sql query so no more than this 
            number of values will be returned by the database.
            </param>
            <param name="where">A QueryFilter used to filter the 
            results
            </param>
            <param name="orderBy">
            Specifies what column and direction to order the results by
            </param>
            <param name="db"></param>
        </member>
        <member name="M:Bryan.Apellanes.Exegete.Text.Top(System.Int32,Bryan.Apellanes.Data.Qi.QiQuery,Bryan.Apellanes.Data.Database)">
            <summary>
            Execute a query and return the specified number of values.  This method
            will issue a sql TOP clause so only the specified number of values
            will be returned.
            of values
            </summary>
            <param name="count">The number of values to return.
            This value is used in the sql query so no more than this 
            number of values will be returned by the database.
            </param>
            <param name="where">A QueryFilter used to filter the 
            results
            </param>
            <param name="orderBy">
            Specifies what column and direction to order the results by
            </param>
            <param name="db"></param>
        </member>
        <member name="M:Bryan.Apellanes.Exegete.Text.Count(Bryan.Apellanes.Data.WhereDelegate{Bryan.Apellanes.Exegete.TextColumns},Bryan.Apellanes.Data.Database)">
            <summary>
            Execute a query and return the number of results
            </summary>
            <param name="where">A WhereDelegate that recieves a TextColumns 
            and returns a IQueryFilter which is the result of any comparisons
            between TextColumns and other values
            </param>
            <param name="db"></param>
        </member>
        <member name="M:Bryan.Apellanes.Exegete.Translation.GetUniqueFilter">
            <summary>
            Gets a query filter that should uniquely identify
            the current instance.  The default implementation
            compares the Id/key field to the current instance's.
            </summary> 
        </member>
        <member name="M:Bryan.Apellanes.Exegete.Translation.LoadAll(Bryan.Apellanes.Data.Database)">
            <summary>
            Return every record in the Translation table.
            </summary>
            <param name="database">
            The database to load from or null
            </param>
        </member>
        <member name="M:Bryan.Apellanes.Exegete.Translation.Where(System.Func{Bryan.Apellanes.Exegete.TranslationColumns,Bryan.Apellanes.Data.QueryFilter{Bryan.Apellanes.Exegete.TranslationColumns}},Bryan.Apellanes.Data.OrderBy{Bryan.Apellanes.Exegete.TranslationColumns},Bryan.Apellanes.Data.Database)">
            <summary>
            Execute a query and return the results. 
            </summary>
            <param name="where">A Func delegate that recieves a TranslationColumns 
            and returns a QueryFilter which is the result of any comparisons
            between TranslationColumns and other values
            </param>
            <param name="db"></param>
        </member>
        <member name="M:Bryan.Apellanes.Exegete.Translation.Where(Bryan.Apellanes.Data.WhereDelegate{Bryan.Apellanes.Exegete.TranslationColumns},Bryan.Apellanes.Data.Database)">
            <summary>
            Execute a query and return the results. 
            </summary>
            <param name="where">A WhereDelegate that recieves a TranslationColumns 
            and returns a IQueryFilter which is the result of any comparisons
            between TranslationColumns and other values
            </param>
            <param name="db"></param>
        </member>
        <member name="M:Bryan.Apellanes.Exegete.Translation.Where(Bryan.Apellanes.Data.WhereDelegate{Bryan.Apellanes.Exegete.TranslationColumns},Bryan.Apellanes.Data.OrderBy{Bryan.Apellanes.Exegete.TranslationColumns},Bryan.Apellanes.Data.Database)">
            <summary>
            Execute a query and return the results. 
            </summary>
            <param name="where">A WhereDelegate that recieves a TranslationColumns 
            and returns a IQueryFilter which is the result of any comparisons
            between TranslationColumns and other values
            </param>
            <param name="orderBy">
            Specifies what column and direction to order the results by
            </param>
            <param name="database"></param>
        </member>
        <!-- Badly formed XML comment ignored for member "M:Bryan.Apellanes.Exegete.Translation.Where(Bryan.Apellanes.Data.Qi.QiQuery,Bryan.Apellanes.Data.Database)" -->
        <member name="M:Bryan.Apellanes.Exegete.Translation.GetOneWhere(Bryan.Apellanes.Data.QueryFilter,Bryan.Apellanes.Data.Database)">
            <summary>
            Get one entry matching the specified filter.  If none exists 
            one will be created; success will depend on the nullability
            of the specified columns.
            </summary>
        </member>
        <member name="M:Bryan.Apellanes.Exegete.Translation.OneWhere(Bryan.Apellanes.Data.QueryFilter,Bryan.Apellanes.Data.Database)">
            <summary>
            Execute a query that should return only one result.  If more
            than one result is returned a MultipleEntriesFoundException will 
            be thrown.  
            </summary>
            <param name="where"></param>
            <param name="database"></param>
        </member>
        <member name="M:Bryan.Apellanes.Exegete.Translation.GetOneWhere(Bryan.Apellanes.Data.WhereDelegate{Bryan.Apellanes.Exegete.TranslationColumns},Bryan.Apellanes.Data.Database)">
            <summary>
            Get one entry matching the specified filter.  If none exists 
            one will be created; success will depend on the nullability
            of the specified columns.
            </summary>
            <param name="where"></param>
            <param name="database"></param>
        </member>
        <member name="M:Bryan.Apellanes.Exegete.Translation.OneWhere(Bryan.Apellanes.Data.WhereDelegate{Bryan.Apellanes.Exegete.TranslationColumns},Bryan.Apellanes.Data.Database)">
            <summary>
            Execute a query that should return only one result.  If more
            than one result is returned a MultipleEntriesFoundException will 
            be thrown.  This method is most commonly used to retrieve a
            single Translation instance by its Id/Key value
            </summary>
            <param name="where">A WhereDelegate that recieves a TranslationColumns 
            and returns a IQueryFilter which is the result of any comparisons
            between TranslationColumns and other values
            </param>
            <param name="database"></param>
        </member>
        <!-- Badly formed XML comment ignored for member "M:Bryan.Apellanes.Exegete.Translation.OneWhere(Bryan.Apellanes.Data.Qi.QiQuery,Bryan.Apellanes.Data.Database)" -->
        <member name="M:Bryan.Apellanes.Exegete.Translation.FirstOneWhere(Bryan.Apellanes.Data.WhereDelegate{Bryan.Apellanes.Exegete.TranslationColumns},Bryan.Apellanes.Data.Database)">
            <summary>
            Execute a query and return the first result.  This method will issue a sql TOP clause so only the 
            specified number of values will be returned.
            </summary>
            <param name="where">A WhereDelegate that recieves a TranslationColumns 
            and returns a IQueryFilter which is the result of any comparisons
            between TranslationColumns and other values
            </param>
            <param name="database"></param>
        </member>
        <member name="M:Bryan.Apellanes.Exegete.Translation.FirstOneWhere(Bryan.Apellanes.Data.WhereDelegate{Bryan.Apellanes.Exegete.TranslationColumns},Bryan.Apellanes.Data.OrderBy{Bryan.Apellanes.Exegete.TranslationColumns},Bryan.Apellanes.Data.Database)">
            <summary>
            Execute a query and return the first result.  This method will issue a sql TOP clause so only the 
            specified number of values will be returned.
            </summary>
            <param name="where">A WhereDelegate that recieves a TranslationColumns 
            and returns a IQueryFilter which is the result of any comparisons
            between TranslationColumns and other values
            </param>
            <param name="database"></param>
        </member>
        <member name="M:Bryan.Apellanes.Exegete.Translation.FirstOneWhere(Bryan.Apellanes.Data.QueryFilter,Bryan.Apellanes.Data.OrderBy{Bryan.Apellanes.Exegete.TranslationColumns},Bryan.Apellanes.Data.Database)">
            <summary>
            Shortcut for Top(1, where, orderBy, database)
            </summary>
            <param name="where">A WhereDelegate that recieves a TranslationColumns 
            and returns a IQueryFilter which is the result of any comparisons
            between TranslationColumns and other values
            </param>
            <param name="database"></param>
        </member>
        <member name="M:Bryan.Apellanes.Exegete.Translation.Top(System.Int32,Bryan.Apellanes.Data.WhereDelegate{Bryan.Apellanes.Exegete.TranslationColumns},Bryan.Apellanes.Data.Database)">
            <summary>
            Execute a query and return the specified number
            of values. This method will issue a sql TOP clause so only the 
            specified number of values will be returned.
            </summary>
            <param name="count">The number of values to return.
            This value is used in the sql query so no more than this 
            number of values will be returned by the database.
            </param>
            <param name="where">A WhereDelegate that recieves a TranslationColumns 
            and returns a IQueryFilter which is the result of any comparisons
            between TranslationColumns and other values
            </param>
            <param name="database"></param>
        </member>
        <member name="M:Bryan.Apellanes.Exegete.Translation.Top(System.Int32,Bryan.Apellanes.Data.WhereDelegate{Bryan.Apellanes.Exegete.TranslationColumns},Bryan.Apellanes.Data.OrderBy{Bryan.Apellanes.Exegete.TranslationColumns},Bryan.Apellanes.Data.Database)">
            <summary>
            Execute a query and return the specified number of values.  This method
            will issue a sql TOP clause so only the specified number of values
            will be returned.
            of values
            </summary>
            <param name="count">The number of values to return.
            This value is used in the sql query so no more than this 
            number of values will be returned by the database.
            </param>
            <param name="where">A WhereDelegate that recieves a TranslationColumns 
            and returns a IQueryFilter which is the result of any comparisons
            between TranslationColumns and other values
            </param>
            <param name="orderBy">
            Specifies what column and direction to order the results by
            </param>
            <param name="database"></param>
        </member>
        <member name="M:Bryan.Apellanes.Exegete.Translation.Top(System.Int32,Bryan.Apellanes.Data.QueryFilter,Bryan.Apellanes.Data.OrderBy{Bryan.Apellanes.Exegete.TranslationColumns},Bryan.Apellanes.Data.Database)">
            <summary>
            Execute a query and return the specified number of values.  This method
            will issue a sql TOP clause so only the specified number of values
            will be returned.
            of values
            </summary>
            <param name="count">The number of values to return.
            This value is used in the sql query so no more than this 
            number of values will be returned by the database.
            </param>
            <param name="where">A QueryFilter used to filter the 
            results
            </param>
            <param name="orderBy">
            Specifies what column and direction to order the results by
            </param>
            <param name="db"></param>
        </member>
        <member name="M:Bryan.Apellanes.Exegete.Translation.Top(System.Int32,Bryan.Apellanes.Data.Qi.QiQuery,Bryan.Apellanes.Data.Database)">
            <summary>
            Execute a query and return the specified number of values.  This method
            will issue a sql TOP clause so only the specified number of values
            will be returned.
            of values
            </summary>
            <param name="count">The number of values to return.
            This value is used in the sql query so no more than this 
            number of values will be returned by the database.
            </param>
            <param name="where">A QueryFilter used to filter the 
            results
            </param>
            <param name="orderBy">
            Specifies what column and direction to order the results by
            </param>
            <param name="db"></param>
        </member>
        <member name="M:Bryan.Apellanes.Exegete.Translation.Count(Bryan.Apellanes.Data.WhereDelegate{Bryan.Apellanes.Exegete.TranslationColumns},Bryan.Apellanes.Data.Database)">
            <summary>
            Execute a query and return the number of results
            </summary>
            <param name="where">A WhereDelegate that recieves a TranslationColumns 
            and returns a IQueryFilter which is the result of any comparisons
            between TranslationColumns and other values
            </param>
            <param name="db"></param>
        </member>
    </members>
</doc>
